,filename,filename_camelcase,pistachio_type
0,kirmizi (23).jpg,kirmizi_23.jpg,0
1,kirmizi 21.jpg,kirmizi_21.jpg,0
2,kirmizi 35.jpg,kirmizi_35.jpg,0
3,kirmizi 475.jpg,kirmizi_475.jpg,0
4,kirmizi 313.jpg,kirmizi_313.jpg,0
5,kirmizi 307.jpg,kirmizi_307.jpg,0
6,kirmizi 461.jpg,kirmizi_461.jpg,0
7,kirmizi 449.jpg,kirmizi_449.jpg,0
8,kirmizi 1135.jpg,kirmizi_1135.jpg,0
9,kirmizi 878.jpg,kirmizi_878.jpg,0
10,kirmizi 1121.jpg,kirmizi_1121.jpg,0
11,kirmizi 1109.jpg,kirmizi_1109.jpg,0
12,kirmizi 688.jpg,kirmizi_688.jpg,0
13,kirmizi 850.jpg,kirmizi_850.jpg,0
14,kirmizi 844.jpg,kirmizi_844.jpg,0
15,kirmizi 111.jpg,kirmizi_111.jpg,0
16,kirmizi 677.jpg,kirmizi_677.jpg,0
17,kirmizi 663.jpg,kirmizi_663.jpg,0
18,kirmizi 105.jpg,kirmizi_105.jpg,0
19,kirmizi 893.jpg,kirmizi_893.jpg,0
20,kirmizi 887.jpg,kirmizi_887.jpg,0
21,kirmizi 139.jpg,kirmizi_139.jpg,0
22,kirmizi 1041.jpg,kirmizi_1041.jpg,0
23,kirmizi 918.jpg,kirmizi_918.jpg,0
24,kirmizi 1055.jpg,kirmizi_1055.jpg,0
25,kirmizi (62).jpg,kirmizi_62.jpg,0
26,kirmizi 924.jpg,kirmizi_924.jpg,0
27,kirmizi 930.jpg,kirmizi_930.jpg,0
28,kirmizi 1069.jpg,kirmizi_1069.jpg,0
29,kirmizi 1082.jpg,kirmizi_1082.jpg,0
30,kirmizi 703.jpg,kirmizi_703.jpg,0
31,kirmizi 717.jpg,kirmizi_717.jpg,0
32,kirmizi 1096.jpg,kirmizi_1096.jpg,0
33,kirmizi 298.jpg,kirmizi_298.jpg,0
34,kirmizi (35).jpg,kirmizi_35.jpg,0
35,kirmizi 501.jpg,kirmizi_501.jpg,0
36,kirmizi 267.jpg,kirmizi_267.jpg,0
37,kirmizi 273.jpg,kirmizi_273.jpg,0
38,kirmizi 515.jpg,kirmizi_515.jpg,0
39,kirmizi 529.jpg,kirmizi_529.jpg,0
40,kirmizi 528.jpg,kirmizi_528.jpg,0
41,kirmizi 272.jpg,kirmizi_272.jpg,0
42,kirmizi 514.jpg,kirmizi_514.jpg,0
43,kirmizi 500.jpg,kirmizi_500.jpg,0
44,kirmizi 266.jpg,kirmizi_266.jpg,0
45,kirmizi 299.jpg,kirmizi_299.jpg,0
46,kirmizi (19).jpg,kirmizi_19.jpg,0
47,kirmizi 716.jpg,kirmizi_716.jpg,0
48,kirmizi 1097.jpg,kirmizi_1097.jpg,0
49,kirmizi 1083.jpg,kirmizi_1083.jpg,0
50,kirmizi 702.jpg,kirmizi_702.jpg,0
51,kirmizi 931.jpg,kirmizi_931.jpg,0
52,kirmizi 1068.jpg,kirmizi_1068.jpg,0
53,kirmizi 925.jpg,kirmizi_925.jpg,0
54,kirmizi 1054.jpg,kirmizi_1054.jpg,0
55,kirmizi 1040.jpg,kirmizi_1040.jpg,0
56,kirmizi 919.jpg,kirmizi_919.jpg,0
57,kirmizi 886.jpg,kirmizi_886.jpg,0
58,kirmizi 138.jpg,kirmizi_138.jpg,0
59,kirmizi 892.jpg,kirmizi_892.jpg,0
60,kirmizi 662.jpg,kirmizi_662.jpg,0
61,kirmizi 104.jpg,kirmizi_104.jpg,0
62,kirmizi 110.jpg,kirmizi_110.jpg,0
63,kirmizi 676.jpg,kirmizi_676.jpg,0
64,kirmizi 845.jpg,kirmizi_845.jpg,0
65,kirmizi (2).jpg,kirmizi_2.jpg,0
66,kirmizi 1108.jpg,kirmizi_1108.jpg,0
67,kirmizi 851.jpg,kirmizi_851.jpg,0
68,kirmizi 689.jpg,kirmizi_689.jpg,0
69,kirmizi 879.jpg,kirmizi_879.jpg,0
70,kirmizi 1120.jpg,kirmizi_1120.jpg,0
71,kirmizi 1134.jpg,kirmizi_1134.jpg,0
72,kirmizi (58).jpg,kirmizi_58.jpg,0
73,kirmizi 448.jpg,kirmizi_448.jpg,0
74,kirmizi 306.jpg,kirmizi_306.jpg,0
75,kirmizi 460.jpg,kirmizi_460.jpg,0
76,kirmizi 474.jpg,kirmizi_474.jpg,0
77,kirmizi 312.jpg,kirmizi_312.jpg,0
78,kirmizi 34.jpg,kirmizi_34.jpg,0
79,kirmizi 20.jpg,kirmizi_20.jpg,0
80,kirmizi 36.jpg,kirmizi_36.jpg,0
81,kirmizi 22.jpg,kirmizi_22.jpg,0
82,kirmizi 489.jpg,kirmizi_489.jpg,0
83,kirmizi 462.jpg,kirmizi_462.jpg,0
84,kirmizi 304.jpg,kirmizi_304.jpg,0
85,kirmizi 310.jpg,kirmizi_310.jpg,0
86,kirmizi 476.jpg,kirmizi_476.jpg,0
87,kirmizi 338.jpg,kirmizi_338.jpg,0
88,kirmizi 1122.jpg,kirmizi_1122.jpg,0
89,kirmizi 1136.jpg,kirmizi_1136.jpg,0
90,kirmizi 847.jpg,kirmizi_847.jpg,0
91,kirmizi 853.jpg,kirmizi_853.jpg,0
92,kirmizi 106.jpg,kirmizi_106.jpg,0
93,kirmizi 660.jpg,kirmizi_660.jpg,0
94,kirmizi 674.jpg,kirmizi_674.jpg,0
95,kirmizi 112.jpg,kirmizi_112.jpg,0
96,kirmizi 884.jpg,kirmizi_884.jpg,0
97,kirmizi 890.jpg,kirmizi_890.jpg,0
98,kirmizi 648.jpg,kirmizi_648.jpg,0
99,kirmizi 1056.jpg,kirmizi_1056.jpg,0
100,kirmizi 1042.jpg,kirmizi_1042.jpg,0
101,kirmizi 933.jpg,kirmizi_933.jpg,0
102,kirmizi 927.jpg,kirmizi_927.jpg,0
103,kirmizi 1095.jpg,kirmizi_1095.jpg,0
104,kirmizi 714.jpg,kirmizi_714.jpg,0
105,kirmizi 700.jpg,kirmizi_700.jpg,0
106,kirmizi 1081.jpg,kirmizi_1081.jpg,0
107,kirmizi 728.jpg,kirmizi_728.jpg,0
108,kirmizi 516.jpg,kirmizi_516.jpg,0
109,kirmizi 270.jpg,kirmizi_270.jpg,0
110,kirmizi 264.jpg,kirmizi_264.jpg,0
111,kirmizi 502.jpg,kirmizi_502.jpg,0
112,kirmizi (39).jpg,kirmizi_39.jpg,0
113,kirmizi 258.jpg,kirmizi_258.jpg,0
114,kirmizi 259.jpg,kirmizi_259.jpg,0
115,kirmizi 265.jpg,kirmizi_265.jpg,0
116,kirmizi 503.jpg,kirmizi_503.jpg,0
117,kirmizi 517.jpg,kirmizi_517.jpg,0
118,kirmizi 271.jpg,kirmizi_271.jpg,0
119,kirmizi (42).jpg,kirmizi_42.jpg,0
120,kirmizi 729.jpg,kirmizi_729.jpg,0
121,kirmizi 701.jpg,kirmizi_701.jpg,0
122,kirmizi 1080.jpg,kirmizi_1080.jpg,0
123,kirmizi 1094.jpg,kirmizi_1094.jpg,0
124,kirmizi 715.jpg,kirmizi_715.jpg,0
125,kirmizi 926.jpg,kirmizi_926.jpg,0
126,kirmizi (15).jpg,kirmizi_15.jpg,0
127,kirmizi 932.jpg,kirmizi_932.jpg,0
128,kirmizi 1043.jpg,kirmizi_1043.jpg,0
129,kirmizi 1057.jpg,kirmizi_1057.jpg,0
130,kirmizi 649.jpg,kirmizi_649.jpg,0
131,kirmizi 891.jpg,kirmizi_891.jpg,0
132,kirmizi 885.jpg,kirmizi_885.jpg,0
133,kirmizi 675.jpg,kirmizi_675.jpg,0
134,kirmizi 113.jpg,kirmizi_113.jpg,0
135,kirmizi 107.jpg,kirmizi_107.jpg,0
136,kirmizi 661.jpg,kirmizi_661.jpg,0
137,kirmizi 852.jpg,kirmizi_852.jpg,0
138,kirmizi 846.jpg,kirmizi_846.jpg,0
139,kirmizi 1137.jpg,kirmizi_1137.jpg,0
140,kirmizi 1123.jpg,kirmizi_1123.jpg,0
141,kirmizi 339.jpg,kirmizi_339.jpg,0
142,kirmizi 311.jpg,kirmizi_311.jpg,0
143,kirmizi 477.jpg,kirmizi_477.jpg,0
144,kirmizi 463.jpg,kirmizi_463.jpg,0
145,kirmizi 305.jpg,kirmizi_305.jpg,0
146,kirmizi 23.jpg,kirmizi_23.jpg,0
147,kirmizi 488.jpg,kirmizi_488.jpg,0
148,kirmizi (54).jpg,kirmizi_54.jpg,0
149,kirmizi 37.jpg,kirmizi_37.jpg,0
150,kirmizi 33.jpg,kirmizi_33.jpg,0
151,kirmizi 498.jpg,kirmizi_498.jpg,0
152,kirmizi (55).jpg,kirmizi_55.jpg,0
153,kirmizi 27.jpg,kirmizi_27.jpg,0
154,kirmizi 329.jpg,kirmizi_329.jpg,0
155,kirmizi 301.jpg,kirmizi_301.jpg,0
156,kirmizi 467.jpg,kirmizi_467.jpg,0
157,kirmizi 473.jpg,kirmizi_473.jpg,0
158,kirmizi 315.jpg,kirmizi_315.jpg,0
159,kirmizi 842.jpg,kirmizi_842.jpg,0
160,kirmizi 856.jpg,kirmizi_856.jpg,0
161,kirmizi 1127.jpg,kirmizi_1127.jpg,0
162,kirmizi 1133.jpg,kirmizi_1133.jpg,0
163,kirmizi 881.jpg,kirmizi_881.jpg,0
164,kirmizi 659.jpg,kirmizi_659.jpg,0
165,kirmizi 895.jpg,kirmizi_895.jpg,0
166,kirmizi 665.jpg,kirmizi_665.jpg,0
167,kirmizi 103.jpg,kirmizi_103.jpg,0
168,kirmizi 117.jpg,kirmizi_117.jpg,0
169,kirmizi 671.jpg,kirmizi_671.jpg,0
170,kirmizi 936.jpg,kirmizi_936.jpg,0
171,kirmizi (14).jpg,kirmizi_14.jpg,0
172,kirmizi 922.jpg,kirmizi_922.jpg,0
173,kirmizi 1053.jpg,kirmizi_1053.jpg,0
174,kirmizi 1047.jpg,kirmizi_1047.jpg,0
175,kirmizi 739.jpg,kirmizi_739.jpg,0
176,kirmizi 711.jpg,kirmizi_711.jpg,0
177,kirmizi 1090.jpg,kirmizi_1090.jpg,0
178,kirmizi 1084.jpg,kirmizi_1084.jpg,0
179,kirmizi 705.jpg,kirmizi_705.jpg,0
180,kirmizi (43).jpg,kirmizi_43.jpg,0
181,kirmizi 249.jpg,kirmizi_249.jpg,0
182,kirmizi 275.jpg,kirmizi_275.jpg,0
183,kirmizi 513.jpg,kirmizi_513.jpg,0
184,kirmizi 507.jpg,kirmizi_507.jpg,0
185,kirmizi 261.jpg,kirmizi_261.jpg,0
186,kirmizi 506.jpg,kirmizi_506.jpg,0
187,kirmizi 260.jpg,kirmizi_260.jpg,0
188,kirmizi 274.jpg,kirmizi_274.jpg,0
189,kirmizi 512.jpg,kirmizi_512.jpg,0
190,kirmizi (38).jpg,kirmizi_38.jpg,0
191,kirmizi 248.jpg,kirmizi_248.jpg,0
192,kirmizi 1085.jpg,kirmizi_1085.jpg,0
193,kirmizi 704.jpg,kirmizi_704.jpg,0
194,kirmizi 710.jpg,kirmizi_710.jpg,0
195,kirmizi 1091.jpg,kirmizi_1091.jpg,0
196,kirmizi 738.jpg,kirmizi_738.jpg,0
197,kirmizi 1046.jpg,kirmizi_1046.jpg,0
198,kirmizi 1052.jpg,kirmizi_1052.jpg,0
199,kirmizi 923.jpg,kirmizi_923.jpg,0
200,kirmizi 937.jpg,kirmizi_937.jpg,0
201,kirmizi 116.jpg,kirmizi_116.jpg,0
202,kirmizi 670.jpg,kirmizi_670.jpg,0
203,kirmizi 664.jpg,kirmizi_664.jpg,0
204,kirmizi 102.jpg,kirmizi_102.jpg,0
205,kirmizi 894.jpg,kirmizi_894.jpg,0
206,kirmizi 658.jpg,kirmizi_658.jpg,0
207,kirmizi 880.jpg,kirmizi_880.jpg,0
208,kirmizi 1132.jpg,kirmizi_1132.jpg,0
209,kirmizi 1126.jpg,kirmizi_1126.jpg,0
210,kirmizi 857.jpg,kirmizi_857.jpg,0
211,kirmizi 843.jpg,kirmizi_843.jpg,0
212,kirmizi 472.jpg,kirmizi_472.jpg,0
213,kirmizi 314.jpg,kirmizi_314.jpg,0
214,kirmizi 300.jpg,kirmizi_300.jpg,0
215,kirmizi 466.jpg,kirmizi_466.jpg,0
216,kirmizi 328.jpg,kirmizi_328.jpg,0
217,kirmizi 26.jpg,kirmizi_26.jpg,0
218,kirmizi 32.jpg,kirmizi_32.jpg,0
219,kirmizi 499.jpg,kirmizi_499.jpg,0
220,kirmizi 24.jpg,kirmizi_24.jpg,0
221,kirmizi 30.jpg,kirmizi_30.jpg,0
222,kirmizi 18.jpg,kirmizi_18.jpg,0
223,kirmizi (59).jpg,kirmizi_59.jpg,0
224,kirmizi 458.jpg,kirmizi_458.jpg,0
225,kirmizi 316.jpg,kirmizi_316.jpg,0
226,kirmizi 470.jpg,kirmizi_470.jpg,0
227,kirmizi 464.jpg,kirmizi_464.jpg,0
228,kirmizi 302.jpg,kirmizi_302.jpg,0
229,kirmizi 855.jpg,kirmizi_855.jpg,0
230,kirmizi (3).jpg,kirmizi_3.jpg,0
231,kirmizi 1118.jpg,kirmizi_1118.jpg,0
232,kirmizi 699.jpg,kirmizi_699.jpg,0
233,kirmizi 841.jpg,kirmizi_841.jpg,0
234,kirmizi 869.jpg,kirmizi_869.jpg,0
235,kirmizi 1130.jpg,kirmizi_1130.jpg,0
236,kirmizi 1124.jpg,kirmizi_1124.jpg,0
237,kirmizi 896.jpg,kirmizi_896.jpg,0
238,kirmizi 128.jpg,kirmizi_128.jpg,0
239,kirmizi 882.jpg,kirmizi_882.jpg,0
240,kirmizi 672.jpg,kirmizi_672.jpg,0
241,kirmizi 114.jpg,kirmizi_114.jpg,0
242,kirmizi 100.jpg,kirmizi_100.jpg,0
243,kirmizi 666.jpg,kirmizi_666.jpg,0
244,kirmizi 921.jpg,kirmizi_921.jpg,0
245,kirmizi 1078.jpg,kirmizi_1078.jpg,0
246,kirmizi 935.jpg,kirmizi_935.jpg,0
247,kirmizi 1044.jpg,kirmizi_1044.jpg,0
248,kirmizi 1050.jpg,kirmizi_1050.jpg,0
249,kirmizi 909.jpg,kirmizi_909.jpg,0
250,kirmizi (18).jpg,kirmizi_18.jpg,0
251,kirmizi 706.jpg,kirmizi_706.jpg,0
252,kirmizi 1087.jpg,kirmizi_1087.jpg,0
253,kirmizi 1093.jpg,kirmizi_1093.jpg,0
254,kirmizi 712.jpg,kirmizi_712.jpg,0
255,kirmizi 289.jpg,kirmizi_289.jpg,0
256,kirmizi 538.jpg,kirmizi_538.jpg,0
257,kirmizi 262.jpg,kirmizi_262.jpg,0
258,kirmizi 504.jpg,kirmizi_504.jpg,0
259,kirmizi 510.jpg,kirmizi_510.jpg,0
260,kirmizi 276.jpg,kirmizi_276.jpg,0
261,kirmizi 511.jpg,kirmizi_511.jpg,0
262,kirmizi 277.jpg,kirmizi_277.jpg,0
263,kirmizi 263.jpg,kirmizi_263.jpg,0
264,kirmizi 505.jpg,kirmizi_505.jpg,0
265,kirmizi 539.jpg,kirmizi_539.jpg,0
266,kirmizi 288.jpg,kirmizi_288.jpg,0
267,kirmizi (34).jpg,kirmizi_34.jpg,0
268,kirmizi 1092.jpg,kirmizi_1092.jpg,0
269,kirmizi 713.jpg,kirmizi_713.jpg,0
270,kirmizi 707.jpg,kirmizi_707.jpg,0
271,kirmizi 1086.jpg,kirmizi_1086.jpg,0
272,kirmizi 1051.jpg,kirmizi_1051.jpg,0
273,kirmizi 908.jpg,kirmizi_908.jpg,0
274,kirmizi 1045.jpg,kirmizi_1045.jpg,0
275,kirmizi (63).jpg,kirmizi_63.jpg,0
276,kirmizi 934.jpg,kirmizi_934.jpg,0
277,kirmizi 920.jpg,kirmizi_920.jpg,0
278,kirmizi 1079.jpg,kirmizi_1079.jpg,0
279,kirmizi 101.jpg,kirmizi_101.jpg,0
280,kirmizi 667.jpg,kirmizi_667.jpg,0
281,kirmizi 673.jpg,kirmizi_673.jpg,0
282,kirmizi 115.jpg,kirmizi_115.jpg,0
283,kirmizi 883.jpg,kirmizi_883.jpg,0
284,kirmizi 897.jpg,kirmizi_897.jpg,0
285,kirmizi 129.jpg,kirmizi_129.jpg,0
286,kirmizi 1125.jpg,kirmizi_1125.jpg,0
287,kirmizi 868.jpg,kirmizi_868.jpg,0
288,kirmizi 1131.jpg,kirmizi_1131.jpg,0
289,kirmizi 1119.jpg,kirmizi_1119.jpg,0
290,kirmizi 840.jpg,kirmizi_840.jpg,0
291,kirmizi 698.jpg,kirmizi_698.jpg,0
292,kirmizi 854.jpg,kirmizi_854.jpg,0
293,kirmizi 465.jpg,kirmizi_465.jpg,0
294,kirmizi 303.jpg,kirmizi_303.jpg,0
295,kirmizi 317.jpg,kirmizi_317.jpg,0
296,kirmizi 471.jpg,kirmizi_471.jpg,0
297,kirmizi 459.jpg,kirmizi_459.jpg,0
298,kirmizi 19.jpg,kirmizi_19.jpg,0
299,kirmizi (22).jpg,kirmizi_22.jpg,0
300,kirmizi 31.jpg,kirmizi_31.jpg,0
301,kirmizi 25.jpg,kirmizi_25.jpg,0
302,kirmizi 42.jpg,kirmizi_42.jpg,0
303,kirmizi 56.jpg,kirmizi_56.jpg,0
304,kirmizi 370.jpg,kirmizi_370.jpg,0
305,kirmizi 416.jpg,kirmizi_416.jpg,0
306,kirmizi 402.jpg,kirmizi_402.jpg,0
307,kirmizi 364.jpg,kirmizi_364.jpg,0
308,kirmizi (29).jpg,kirmizi_29.jpg,0
309,kirmizi 81.jpg,kirmizi_81.jpg,0
310,kirmizi 358.jpg,kirmizi_358.jpg,0
311,kirmizi 95.jpg,kirmizi_95.jpg,0
312,kirmizi 1156.jpg,kirmizi_1156.jpg,0
313,kirmizi 4.jpg,kirmizi_4.jpg,0
314,kirmizi 1142.jpg,kirmizi_1142.jpg,0
315,kirmizi 833.jpg,kirmizi_833.jpg,0
316,kirmizi 199.jpg,kirmizi_199.jpg,0
317,kirmizi 827.jpg,kirmizi_827.jpg,0
318,kirmizi 614.jpg,kirmizi_614.jpg,0
319,kirmizi 172.jpg,kirmizi_172.jpg,0
320,kirmizi 166.jpg,kirmizi_166.jpg,0
321,kirmizi 600.jpg,kirmizi_600.jpg,0
322,kirmizi 628.jpg,kirmizi_628.jpg,0
323,kirmizi 1022.jpg,kirmizi_1022.jpg,0
324,kirmizi 1036.jpg,kirmizi_1036.jpg,0
325,kirmizi 947.jpg,kirmizi_947.jpg,0
326,kirmizi 953.jpg,kirmizi_953.jpg,0
327,kirmizi 760.jpg,kirmizi_760.jpg,0
328,kirmizi 774.jpg,kirmizi_774.jpg,0
329,kirmizi 984.jpg,kirmizi_984.jpg,0
330,kirmizi 748.jpg,kirmizi_748.jpg,0
331,kirmizi 990.jpg,kirmizi_990.jpg,0
332,kirmizi 589.jpg,kirmizi_589.jpg,0
333,kirmizi 204.jpg,kirmizi_204.jpg,0
334,kirmizi 562.jpg,kirmizi_562.jpg,0
335,kirmizi 576.jpg,kirmizi_576.jpg,0
336,kirmizi 210.jpg,kirmizi_210.jpg,0
337,kirmizi 238.jpg,kirmizi_238.jpg,0
338,kirmizi 239.jpg,kirmizi_239.jpg,0
339,kirmizi 577.jpg,kirmizi_577.jpg,0
340,kirmizi 211.jpg,kirmizi_211.jpg,0
341,kirmizi 205.jpg,kirmizi_205.jpg,0
342,kirmizi 563.jpg,kirmizi_563.jpg,0
343,kirmizi 588.jpg,kirmizi_588.jpg,0
344,kirmizi (44).jpg,kirmizi_44.jpg,0
345,kirmizi 991.jpg,kirmizi_991.jpg,0
346,kirmizi 749.jpg,kirmizi_749.jpg,0
347,kirmizi 985.jpg,kirmizi_985.jpg,0
348,kirmizi 775.jpg,kirmizi_775.jpg,0
349,kirmizi 761.jpg,kirmizi_761.jpg,0
350,kirmizi (13).jpg,kirmizi_13.jpg,0
351,kirmizi 952.jpg,kirmizi_952.jpg,0
352,kirmizi 946.jpg,kirmizi_946.jpg,0
353,kirmizi 1037.jpg,kirmizi_1037.jpg,0
354,kirmizi 1023.jpg,kirmizi_1023.jpg,0
355,kirmizi (8).jpg,kirmizi_8.jpg,0
356,kirmizi 629.jpg,kirmizi_629.jpg,0
357,kirmizi 167.jpg,kirmizi_167.jpg,0
358,kirmizi 601.jpg,kirmizi_601.jpg,0
359,kirmizi 615.jpg,kirmizi_615.jpg,0
360,kirmizi 173.jpg,kirmizi_173.jpg,0
361,kirmizi 198.jpg,kirmizi_198.jpg,0
362,kirmizi 826.jpg,kirmizi_826.jpg,0
363,kirmizi 832.jpg,kirmizi_832.jpg,0
364,kirmizi 1143.jpg,kirmizi_1143.jpg,0
365,kirmizi 5.jpg,kirmizi_5.jpg,0
366,kirmizi 1157.jpg,kirmizi_1157.jpg,0
367,kirmizi 94.jpg,kirmizi_94.jpg,0
368,kirmizi 359.jpg,kirmizi_359.jpg,0
369,kirmizi 80.jpg,kirmizi_80.jpg,0
370,kirmizi 403.jpg,kirmizi_403.jpg,0
371,kirmizi 365.jpg,kirmizi_365.jpg,0
372,kirmizi 371.jpg,kirmizi_371.jpg,0
373,kirmizi 417.jpg,kirmizi_417.jpg,0
374,kirmizi (52).jpg,kirmizi_52.jpg,0
375,kirmizi 57.jpg,kirmizi_57.jpg,0
376,kirmizi 43.jpg,kirmizi_43.jpg,0
377,kirmizi 69.jpg,kirmizi_69.jpg,0
378,kirmizi 398.jpg,kirmizi_398.jpg,0
379,kirmizi 55.jpg,kirmizi_55.jpg,0
380,kirmizi 41.jpg,kirmizi_41.jpg,0
381,kirmizi (25).jpg,kirmizi_25.jpg,0
382,kirmizi 367.jpg,kirmizi_367.jpg,0
383,kirmizi 401.jpg,kirmizi_401.jpg,0
384,kirmizi 415.jpg,kirmizi_415.jpg,0
385,kirmizi 373.jpg,kirmizi_373.jpg,0
386,kirmizi 96.jpg,kirmizi_96.jpg,0
387,kirmizi 429.jpg,kirmizi_429.jpg,0
388,kirmizi 82.jpg,kirmizi_82.jpg,0
389,kirmizi 818.jpg,kirmizi_818.jpg,0
390,kirmizi 7.jpg,kirmizi_7.jpg,0
391,kirmizi 1141.jpg,kirmizi_1141.jpg,0
392,kirmizi 1155.jpg,kirmizi_1155.jpg,0
393,kirmizi 824.jpg,kirmizi_824.jpg,0
394,kirmizi 830.jpg,kirmizi_830.jpg,0
395,kirmizi 603.jpg,kirmizi_603.jpg,0
396,kirmizi 165.jpg,kirmizi_165.jpg,0
397,kirmizi 171.jpg,kirmizi_171.jpg,0
398,kirmizi 617.jpg,kirmizi_617.jpg,0
399,kirmizi 159.jpg,kirmizi_159.jpg,0
400,kirmizi 1035.jpg,kirmizi_1035.jpg,0
401,kirmizi 1021.jpg,kirmizi_1021.jpg,0
402,kirmizi 978.jpg,kirmizi_978.jpg,0
403,kirmizi 950.jpg,kirmizi_950.jpg,0
404,kirmizi 788.jpg,kirmizi_788.jpg,0
405,kirmizi 1009.jpg,kirmizi_1009.jpg,0
406,kirmizi 944.jpg,kirmizi_944.jpg,0
407,kirmizi (64).jpg,kirmizi_64.jpg,0
408,kirmizi 777.jpg,kirmizi_777.jpg,0
409,kirmizi 763.jpg,kirmizi_763.jpg,0
410,kirmizi 993.jpg,kirmizi_993.jpg,0
411,kirmizi 987.jpg,kirmizi_987.jpg,0
412,kirmizi (33).jpg,kirmizi_33.jpg,0
413,kirmizi 213.jpg,kirmizi_213.jpg,0
414,kirmizi 575.jpg,kirmizi_575.jpg,0
415,kirmizi 561.jpg,kirmizi_561.jpg,0
416,kirmizi 207.jpg,kirmizi_207.jpg,0
417,kirmizi 549.jpg,kirmizi_549.jpg,0
418,kirmizi (48).jpg,kirmizi_48.jpg,0
419,kirmizi 548.jpg,kirmizi_548.jpg,0
420,kirmizi 560.jpg,kirmizi_560.jpg,0
421,kirmizi 206.jpg,kirmizi_206.jpg,0
422,kirmizi 212.jpg,kirmizi_212.jpg,0
423,kirmizi 574.jpg,kirmizi_574.jpg,0
424,kirmizi 986.jpg,kirmizi_986.jpg,0
425,kirmizi 992.jpg,kirmizi_992.jpg,0
426,kirmizi 762.jpg,kirmizi_762.jpg,0
427,kirmizi 776.jpg,kirmizi_776.jpg,0
428,kirmizi 945.jpg,kirmizi_945.jpg,0
429,kirmizi 789.jpg,kirmizi_789.jpg,0
430,kirmizi 951.jpg,kirmizi_951.jpg,0
431,kirmizi 1008.jpg,kirmizi_1008.jpg,0
432,kirmizi 1020.jpg,kirmizi_1020.jpg,0
433,kirmizi 979.jpg,kirmizi_979.jpg,0
434,kirmizi 1034.jpg,kirmizi_1034.jpg,0
435,kirmizi 158.jpg,kirmizi_158.jpg,0
436,kirmizi 170.jpg,kirmizi_170.jpg,0
437,kirmizi 616.jpg,kirmizi_616.jpg,0
438,kirmizi 602.jpg,kirmizi_602.jpg,0
439,kirmizi 164.jpg,kirmizi_164.jpg,0
440,kirmizi 831.jpg,kirmizi_831.jpg,0
441,kirmizi 825.jpg,kirmizi_825.jpg,0
442,kirmizi (4).jpg,kirmizi_4.jpg,0
443,kirmizi 1154.jpg,kirmizi_1154.jpg,0
444,kirmizi 819.jpg,kirmizi_819.jpg,0
445,kirmizi 1140.jpg,kirmizi_1140.jpg,0
446,kirmizi 6.jpg,kirmizi_6.jpg,0
447,kirmizi 428.jpg,kirmizi_428.jpg,0
448,kirmizi 83.jpg,kirmizi_83.jpg,0
449,kirmizi 97.jpg,kirmizi_97.jpg,0
450,kirmizi 414.jpg,kirmizi_414.jpg,0
451,kirmizi 372.jpg,kirmizi_372.jpg,0
452,kirmizi 366.jpg,kirmizi_366.jpg,0
453,kirmizi 400.jpg,kirmizi_400.jpg,0
454,kirmizi 40.jpg,kirmizi_40.jpg,0
455,kirmizi 54.jpg,kirmizi_54.jpg,0
456,kirmizi 399.jpg,kirmizi_399.jpg,0
457,kirmizi 68.jpg,kirmizi_68.jpg,0
458,kirmizi 50.jpg,kirmizi_50.jpg,0
459,kirmizi 44.jpg,kirmizi_44.jpg,0
460,kirmizi 389.jpg,kirmizi_389.jpg,0
461,kirmizi 78.jpg,kirmizi_78.jpg,0
462,kirmizi 438.jpg,kirmizi_438.jpg,0
463,kirmizi 93.jpg,kirmizi_93.jpg,0
464,kirmizi 87.jpg,kirmizi_87.jpg,0
465,kirmizi 404.jpg,kirmizi_404.jpg,0
466,kirmizi 362.jpg,kirmizi_362.jpg,0
467,kirmizi 376.jpg,kirmizi_376.jpg,0
468,kirmizi 410.jpg,kirmizi_410.jpg,0
469,kirmizi 821.jpg,kirmizi_821.jpg,0
470,kirmizi 835.jpg,kirmizi_835.jpg,0
471,kirmizi (5).jpg,kirmizi_5.jpg,0
472,kirmizi 2.jpg,kirmizi_2.jpg,0
473,kirmizi 1144.jpg,kirmizi_1144.jpg,0
474,kirmizi 809.jpg,kirmizi_809.jpg,0
475,kirmizi 1150.jpg,kirmizi_1150.jpg,0
476,kirmizi 148.jpg,kirmizi_148.jpg,0
477,kirmizi 160.jpg,kirmizi_160.jpg,0
478,kirmizi 606.jpg,kirmizi_606.jpg,0
479,kirmizi 612.jpg,kirmizi_612.jpg,0
480,kirmizi 174.jpg,kirmizi_174.jpg,0
481,kirmizi 955.jpg,kirmizi_955.jpg,0
482,kirmizi 941.jpg,kirmizi_941.jpg,0
483,kirmizi 799.jpg,kirmizi_799.jpg,0
484,kirmizi 1018.jpg,kirmizi_1018.jpg,0
485,kirmizi 1030.jpg,kirmizi_1030.jpg,0
486,kirmizi 969.jpg,kirmizi_969.jpg,0
487,kirmizi 1024.jpg,kirmizi_1024.jpg,0
488,kirmizi 996.jpg,kirmizi_996.jpg,0
489,kirmizi 982.jpg,kirmizi_982.jpg,0
490,kirmizi 772.jpg,kirmizi_772.jpg,0
491,kirmizi 766.jpg,kirmizi_766.jpg,0
492,kirmizi (49).jpg,kirmizi_49.jpg,0
493,kirmizi 558.jpg,kirmizi_558.jpg,0
494,kirmizi 570.jpg,kirmizi_570.jpg,0
495,kirmizi 216.jpg,kirmizi_216.jpg,0
496,kirmizi 202.jpg,kirmizi_202.jpg,0
497,kirmizi 564.jpg,kirmizi_564.jpg,0
498,kirmizi 203.jpg,kirmizi_203.jpg,0
499,kirmizi 565.jpg,kirmizi_565.jpg,0
500,kirmizi 571.jpg,kirmizi_571.jpg,0
501,kirmizi 217.jpg,kirmizi_217.jpg,0
502,kirmizi 559.jpg,kirmizi_559.jpg,0
503,kirmizi (32).jpg,kirmizi_32.jpg,0
504,kirmizi 767.jpg,kirmizi_767.jpg,0
505,kirmizi 773.jpg,kirmizi_773.jpg,0
506,kirmizi 983.jpg,kirmizi_983.jpg,0
507,kirmizi 997.jpg,kirmizi_997.jpg,0
508,kirmizi 1025.jpg,kirmizi_1025.jpg,0
509,kirmizi 1031.jpg,kirmizi_1031.jpg,0
510,kirmizi 968.jpg,kirmizi_968.jpg,0
511,kirmizi 798.jpg,kirmizi_798.jpg,0
512,kirmizi 940.jpg,kirmizi_940.jpg,0
513,kirmizi 1019.jpg,kirmizi_1019.jpg,0
514,kirmizi 954.jpg,kirmizi_954.jpg,0
515,kirmizi (65).jpg,kirmizi_65.jpg,0
516,kirmizi 613.jpg,kirmizi_613.jpg,0
517,kirmizi 175.jpg,kirmizi_175.jpg,0
518,kirmizi 161.jpg,kirmizi_161.jpg,0
519,kirmizi 607.jpg,kirmizi_607.jpg,0
520,kirmizi 149.jpg,kirmizi_149.jpg,0
521,kirmizi 808.jpg,kirmizi_808.jpg,0
522,kirmizi 1151.jpg,kirmizi_1151.jpg,0
523,kirmizi 1145.jpg,kirmizi_1145.jpg,0
524,kirmizi 3.jpg,kirmizi_3.jpg,0
525,kirmizi 834.jpg,kirmizi_834.jpg,0
526,kirmizi 820.jpg,kirmizi_820.jpg,0
527,kirmizi 377.jpg,kirmizi_377.jpg,0
528,kirmizi 411.jpg,kirmizi_411.jpg,0
529,kirmizi 405.jpg,kirmizi_405.jpg,0
530,kirmizi 363.jpg,kirmizi_363.jpg,0
531,kirmizi 86.jpg,kirmizi_86.jpg,0
532,kirmizi 439.jpg,kirmizi_439.jpg,0
533,kirmizi 92.jpg,kirmizi_92.jpg,0
534,kirmizi 79.jpg,kirmizi_79.jpg,0
535,kirmizi 388.jpg,kirmizi_388.jpg,0
536,kirmizi 45.jpg,kirmizi_45.jpg,0
537,kirmizi 51.jpg,kirmizi_51.jpg,0
538,kirmizi (24).jpg,kirmizi_24.jpg,0
539,kirmizi (53).jpg,kirmizi_53.jpg,0
540,kirmizi 47.jpg,kirmizi_47.jpg,0
541,kirmizi 53.jpg,kirmizi_53.jpg,0
542,kirmizi 84.jpg,kirmizi_84.jpg,0
543,kirmizi 349.jpg,kirmizi_349.jpg,0
544,kirmizi 90.jpg,kirmizi_90.jpg,0
545,kirmizi 413.jpg,kirmizi_413.jpg,0
546,kirmizi 375.jpg,kirmizi_375.jpg,0
547,kirmizi 361.jpg,kirmizi_361.jpg,0
548,kirmizi 407.jpg,kirmizi_407.jpg,0
549,kirmizi 188.jpg,kirmizi_188.jpg,0
550,kirmizi 836.jpg,kirmizi_836.jpg,0
551,kirmizi 822.jpg,kirmizi_822.jpg,0
552,kirmizi 1153.jpg,kirmizi_1153.jpg,0
553,kirmizi 1.jpg,kirmizi_1.jpg,0
554,kirmizi 1147.jpg,kirmizi_1147.jpg,0
555,kirmizi (9).jpg,kirmizi_9.jpg,0
556,kirmizi 639.jpg,kirmizi_639.jpg,0
557,kirmizi 177.jpg,kirmizi_177.jpg,0
558,kirmizi 611.jpg,kirmizi_611.jpg,0
559,kirmizi 605.jpg,kirmizi_605.jpg,0
560,kirmizi 163.jpg,kirmizi_163.jpg,0
561,kirmizi (12).jpg,kirmizi_12.jpg,0
562,kirmizi 942.jpg,kirmizi_942.jpg,0
563,kirmizi 956.jpg,kirmizi_956.jpg,0
564,kirmizi 1027.jpg,kirmizi_1027.jpg,0
565,kirmizi 1033.jpg,kirmizi_1033.jpg,0
566,kirmizi 759.jpg,kirmizi_759.jpg,0
567,kirmizi 981.jpg,kirmizi_981.jpg,0
568,kirmizi 995.jpg,kirmizi_995.jpg,0
569,kirmizi 765.jpg,kirmizi_765.jpg,0
570,kirmizi 771.jpg,kirmizi_771.jpg,0
571,kirmizi 598.jpg,kirmizi_598.jpg,0
572,kirmizi (45).jpg,kirmizi_45.jpg,0
573,kirmizi 229.jpg,kirmizi_229.jpg,0
574,kirmizi 567.jpg,kirmizi_567.jpg,0
575,kirmizi 201.jpg,kirmizi_201.jpg,0
576,kirmizi 215.jpg,kirmizi_215.jpg,0
577,kirmizi 573.jpg,kirmizi_573.jpg,0
578,kirmizi 214.jpg,kirmizi_214.jpg,0
579,kirmizi 572.jpg,kirmizi_572.jpg,0
580,kirmizi 566.jpg,kirmizi_566.jpg,0
581,kirmizi 200.jpg,kirmizi_200.jpg,0
582,kirmizi 228.jpg,kirmizi_228.jpg,0
583,kirmizi 599.jpg,kirmizi_599.jpg,0
584,kirmizi 770.jpg,kirmizi_770.jpg,0
585,kirmizi 764.jpg,kirmizi_764.jpg,0
586,kirmizi 994.jpg,kirmizi_994.jpg,0
587,kirmizi 980.jpg,kirmizi_980.jpg,0
588,kirmizi 758.jpg,kirmizi_758.jpg,0
589,kirmizi 1032.jpg,kirmizi_1032.jpg,0
590,kirmizi 1026.jpg,kirmizi_1026.jpg,0
591,kirmizi 957.jpg,kirmizi_957.jpg,0
592,kirmizi 943.jpg,kirmizi_943.jpg,0
593,kirmizi 604.jpg,kirmizi_604.jpg,0
594,kirmizi 162.jpg,kirmizi_162.jpg,0
595,kirmizi 176.jpg,kirmizi_176.jpg,0
596,kirmizi 610.jpg,kirmizi_610.jpg,0
597,kirmizi 638.jpg,kirmizi_638.jpg,0
598,kirmizi 1146.jpg,kirmizi_1146.jpg,0
599,kirmizi 1152.jpg,kirmizi_1152.jpg,0
600,kirmizi 823.jpg,kirmizi_823.jpg,0
601,kirmizi 189.jpg,kirmizi_189.jpg,0
602,kirmizi 837.jpg,kirmizi_837.jpg,0
603,kirmizi 360.jpg,kirmizi_360.jpg,0
604,kirmizi 406.jpg,kirmizi_406.jpg,0
605,kirmizi 412.jpg,kirmizi_412.jpg,0
606,kirmizi 374.jpg,kirmizi_374.jpg,0
607,kirmizi (28).jpg,kirmizi_28.jpg,0
608,kirmizi 91.jpg,kirmizi_91.jpg,0
609,kirmizi 348.jpg,kirmizi_348.jpg,0
610,kirmizi 85.jpg,kirmizi_85.jpg,0
611,kirmizi 52.jpg,kirmizi_52.jpg,0
612,kirmizi 46.jpg,kirmizi_46.jpg,0
613,kirmizi 392.jpg,kirmizi_392.jpg,0
614,kirmizi 386.jpg,kirmizi_386.jpg,0
615,kirmizi 63.jpg,kirmizi_63.jpg,0
616,kirmizi (50).jpg,kirmizi_50.jpg,0
617,kirmizi 77.jpg,kirmizi_77.jpg,0
618,kirmizi 351.jpg,kirmizi_351.jpg,0
619,kirmizi 437.jpg,kirmizi_437.jpg,0
620,kirmizi 423.jpg,kirmizi_423.jpg,0
621,kirmizi 345.jpg,kirmizi_345.jpg,0
622,kirmizi 88.jpg,kirmizi_88.jpg,0
623,kirmizi 379.jpg,kirmizi_379.jpg,0
624,kirmizi 190.jpg,kirmizi_190.jpg,0
625,kirmizi 184.jpg,kirmizi_184.jpg,0
626,kirmizi 1163.jpg,kirmizi_1163.jpg,0
627,kirmizi 812.jpg,kirmizi_812.jpg,0
628,kirmizi 806.jpg,kirmizi_806.jpg,0
629,kirmizi 635.jpg,kirmizi_635.jpg,0
630,kirmizi 153.jpg,kirmizi_153.jpg,0
631,kirmizi 147.jpg,kirmizi_147.jpg,0
632,kirmizi 621.jpg,kirmizi_621.jpg,0
633,kirmizi 609.jpg,kirmizi_609.jpg,0
634,kirmizi 782.jpg,kirmizi_782.jpg,0
635,kirmizi 1003.jpg,kirmizi_1003.jpg,0
636,kirmizi 1017.jpg,kirmizi_1017.jpg,0
637,kirmizi 796.jpg,kirmizi_796.jpg,0
638,kirmizi 966.jpg,kirmizi_966.jpg,0
639,kirmizi (11).jpg,kirmizi_11.jpg,0
640,kirmizi 972.jpg,kirmizi_972.jpg,0
641,kirmizi 741.jpg,kirmizi_741.jpg,0
642,kirmizi 999.jpg,kirmizi_999.jpg,0
643,kirmizi 755.jpg,kirmizi_755.jpg,0
644,kirmizi 769.jpg,kirmizi_769.jpg,0
645,kirmizi 580.jpg,kirmizi_580.jpg,0
646,kirmizi 594.jpg,kirmizi_594.jpg,0
647,kirmizi (46).jpg,kirmizi_46.jpg,0
648,kirmizi 225.jpg,kirmizi_225.jpg,0
649,kirmizi 543.jpg,kirmizi_543.jpg,0
650,kirmizi 557.jpg,kirmizi_557.jpg,0
651,kirmizi 231.jpg,kirmizi_231.jpg,0
652,kirmizi 219.jpg,kirmizi_219.jpg,0
653,kirmizi 218.jpg,kirmizi_218.jpg,0
654,kirmizi 556.jpg,kirmizi_556.jpg,0
655,kirmizi 230.jpg,kirmizi_230.jpg,0
656,kirmizi 224.jpg,kirmizi_224.jpg,0
657,kirmizi 542.jpg,kirmizi_542.jpg,0
658,kirmizi 595.jpg,kirmizi_595.jpg,0
659,kirmizi 581.jpg,kirmizi_581.jpg,0
660,kirmizi 768.jpg,kirmizi_768.jpg,0
661,kirmizi 754.jpg,kirmizi_754.jpg,0
662,kirmizi 998.jpg,kirmizi_998.jpg,0
663,kirmizi 740.jpg,kirmizi_740.jpg,0
664,kirmizi 973.jpg,kirmizi_973.jpg,0
665,kirmizi 967.jpg,kirmizi_967.jpg,0
666,kirmizi 1016.jpg,kirmizi_1016.jpg,0
667,kirmizi 797.jpg,kirmizi_797.jpg,0
668,kirmizi 783.jpg,kirmizi_783.jpg,0
669,kirmizi 1002.jpg,kirmizi_1002.jpg,0
670,kirmizi 608.jpg,kirmizi_608.jpg,0
671,kirmizi 146.jpg,kirmizi_146.jpg,0
672,kirmizi 620.jpg,kirmizi_620.jpg,0
673,kirmizi 634.jpg,kirmizi_634.jpg,0
674,kirmizi 152.jpg,kirmizi_152.jpg,0
675,kirmizi 807.jpg,kirmizi_807.jpg,0
676,kirmizi 813.jpg,kirmizi_813.jpg,0
677,kirmizi 1162.jpg,kirmizi_1162.jpg,0
678,kirmizi 185.jpg,kirmizi_185.jpg,0
679,kirmizi 191.jpg,kirmizi_191.jpg,0
680,kirmizi 378.jpg,kirmizi_378.jpg,0
681,kirmizi 422.jpg,kirmizi_422.jpg,0
682,kirmizi 89.jpg,kirmizi_89.jpg,0
683,kirmizi 344.jpg,kirmizi_344.jpg,0
684,kirmizi 350.jpg,kirmizi_350.jpg,0
685,kirmizi 436.jpg,kirmizi_436.jpg,0
686,kirmizi 76.jpg,kirmizi_76.jpg,0
687,kirmizi 62.jpg,kirmizi_62.jpg,0
688,kirmizi 387.jpg,kirmizi_387.jpg,0
689,kirmizi 393.jpg,kirmizi_393.jpg,0
690,kirmizi 385.jpg,kirmizi_385.jpg,0
691,kirmizi 48.jpg,kirmizi_48.jpg,0
692,kirmizi 391.jpg,kirmizi_391.jpg,0
693,kirmizi 74.jpg,kirmizi_74.jpg,0
694,kirmizi 60.jpg,kirmizi_60.jpg,0
695,kirmizi 346.jpg,kirmizi_346.jpg,0
696,kirmizi 420.jpg,kirmizi_420.jpg,0
697,kirmizi 434.jpg,kirmizi_434.jpg,0
698,kirmizi 352.jpg,kirmizi_352.jpg,0
699,kirmizi 408.jpg,kirmizi_408.jpg,0
700,kirmizi 839.jpg,kirmizi_839.jpg,0
701,kirmizi 187.jpg,kirmizi_187.jpg,0
702,kirmizi 1160.jpg,kirmizi_1160.jpg,0
703,kirmizi 193.jpg,kirmizi_193.jpg,0
704,kirmizi 805.jpg,kirmizi_805.jpg,0
705,kirmizi (6).jpg,kirmizi_6.jpg,0
706,kirmizi 1148.jpg,kirmizi_1148.jpg,0
707,kirmizi 811.jpg,kirmizi_811.jpg,0
708,kirmizi 622.jpg,kirmizi_622.jpg,0
709,kirmizi 144.jpg,kirmizi_144.jpg,0
710,kirmizi 150.jpg,kirmizi_150.jpg,0
711,kirmizi 636.jpg,kirmizi_636.jpg,0
712,kirmizi 178.jpg,kirmizi_178.jpg,0
713,kirmizi 795.jpg,kirmizi_795.jpg,0
714,kirmizi 1014.jpg,kirmizi_1014.jpg,0
715,kirmizi 1000.jpg,kirmizi_1000.jpg,0
716,kirmizi 959.jpg,kirmizi_959.jpg,0
717,kirmizi 781.jpg,kirmizi_781.jpg,0
718,kirmizi 971.jpg,kirmizi_971.jpg,0
719,kirmizi 1028.jpg,kirmizi_1028.jpg,0
720,kirmizi 965.jpg,kirmizi_965.jpg,0
721,kirmizi 756.jpg,kirmizi_756.jpg,0
722,kirmizi 742.jpg,kirmizi_742.jpg,0
723,kirmizi 597.jpg,kirmizi_597.jpg,0
724,kirmizi 583.jpg,kirmizi_583.jpg,0
725,kirmizi 232.jpg,kirmizi_232.jpg,0
726,kirmizi 554.jpg,kirmizi_554.jpg,0
727,kirmizi 540.jpg,kirmizi_540.jpg,0
728,kirmizi 226.jpg,kirmizi_226.jpg,0
729,kirmizi 568.jpg,kirmizi_568.jpg,0
730,kirmizi 569.jpg,kirmizi_569.jpg,0
731,kirmizi 541.jpg,kirmizi_541.jpg,0
732,kirmizi 227.jpg,kirmizi_227.jpg,0
733,kirmizi 233.jpg,kirmizi_233.jpg,0
734,kirmizi 555.jpg,kirmizi_555.jpg,0
735,kirmizi (31).jpg,kirmizi_31.jpg,0
736,kirmizi 582.jpg,kirmizi_582.jpg,0
737,kirmizi 596.jpg,kirmizi_596.jpg,0
738,kirmizi 743.jpg,kirmizi_743.jpg,0
739,kirmizi 757.jpg,kirmizi_757.jpg,0
740,kirmizi 964.jpg,kirmizi_964.jpg,0
741,kirmizi 970.jpg,kirmizi_970.jpg,0
742,kirmizi 1029.jpg,kirmizi_1029.jpg,0
743,kirmizi 1001.jpg,kirmizi_1001.jpg,0
744,kirmizi 780.jpg,kirmizi_780.jpg,0
745,kirmizi 958.jpg,kirmizi_958.jpg,0
746,kirmizi 794.jpg,kirmizi_794.jpg,0
747,kirmizi 1015.jpg,kirmizi_1015.jpg,0
748,kirmizi 179.jpg,kirmizi_179.jpg,0
749,kirmizi 151.jpg,kirmizi_151.jpg,0
750,kirmizi 637.jpg,kirmizi_637.jpg,0
751,kirmizi 623.jpg,kirmizi_623.jpg,0
752,kirmizi 145.jpg,kirmizi_145.jpg,0
753,kirmizi 1149.jpg,kirmizi_1149.jpg,0
754,kirmizi 810.jpg,kirmizi_810.jpg,0
755,kirmizi 804.jpg,kirmizi_804.jpg,0
756,kirmizi 192.jpg,kirmizi_192.jpg,0
757,kirmizi 838.jpg,kirmizi_838.jpg,0
758,kirmizi 1161.jpg,kirmizi_1161.jpg,0
759,kirmizi 186.jpg,kirmizi_186.jpg,0
760,kirmizi 409.jpg,kirmizi_409.jpg,0
761,kirmizi 435.jpg,kirmizi_435.jpg,0
762,kirmizi 353.jpg,kirmizi_353.jpg,0
763,kirmizi 347.jpg,kirmizi_347.jpg,0
764,kirmizi 421.jpg,kirmizi_421.jpg,0
765,kirmizi 61.jpg,kirmizi_61.jpg,0
766,kirmizi (27).jpg,kirmizi_27.jpg,0
767,kirmizi 75.jpg,kirmizi_75.jpg,0
768,kirmizi 390.jpg,kirmizi_390.jpg,0
769,kirmizi 49.jpg,kirmizi_49.jpg,0
770,kirmizi 384.jpg,kirmizi_384.jpg,0
771,kirmizi 71.jpg,kirmizi_71.jpg,0
772,kirmizi (26).jpg,kirmizi_26.jpg,0
773,kirmizi 65.jpg,kirmizi_65.jpg,0
774,kirmizi 380.jpg,kirmizi_380.jpg,0
775,kirmizi 59.jpg,kirmizi_59.jpg,0
776,kirmizi 394.jpg,kirmizi_394.jpg,0
777,kirmizi 419.jpg,kirmizi_419.jpg,0
778,kirmizi 425.jpg,kirmizi_425.jpg,0
779,kirmizi 343.jpg,kirmizi_343.jpg,0
780,kirmizi 357.jpg,kirmizi_357.jpg,0
781,kirmizi 431.jpg,kirmizi_431.jpg,0
782,kirmizi 1159.jpg,kirmizi_1159.jpg,0
783,kirmizi 800.jpg,kirmizi_800.jpg,0
784,kirmizi 814.jpg,kirmizi_814.jpg,0
785,kirmizi 182.jpg,kirmizi_182.jpg,0
786,kirmizi 1165.jpg,kirmizi_1165.jpg,0
787,kirmizi 828.jpg,kirmizi_828.jpg,0
788,kirmizi 196.jpg,kirmizi_196.jpg,0
789,kirmizi 169.jpg,kirmizi_169.jpg,0
790,kirmizi 141.jpg,kirmizi_141.jpg,0
791,kirmizi 627.jpg,kirmizi_627.jpg,0
792,kirmizi 633.jpg,kirmizi_633.jpg,0
793,kirmizi 155.jpg,kirmizi_155.jpg,0
794,kirmizi 974.jpg,kirmizi_974.jpg,0
795,kirmizi 960.jpg,kirmizi_960.jpg,0
796,kirmizi 1039.jpg,kirmizi_1039.jpg,0
797,kirmizi 1011.jpg,kirmizi_1011.jpg,0
798,kirmizi 948.jpg,kirmizi_948.jpg,0
799,kirmizi 790.jpg,kirmizi_790.jpg,0
800,kirmizi 784.jpg,kirmizi_784.jpg,0
801,kirmizi 1005.jpg,kirmizi_1005.jpg,0
802,kirmizi 753.jpg,kirmizi_753.jpg,0
803,kirmizi 747.jpg,kirmizi_747.jpg,0
804,kirmizi (30).jpg,kirmizi_30.jpg,0
805,kirmizi 592.jpg,kirmizi_592.jpg,0
806,kirmizi 586.jpg,kirmizi_586.jpg,0
807,kirmizi 579.jpg,kirmizi_579.jpg,0
808,kirmizi 551.jpg,kirmizi_551.jpg,0
809,kirmizi 237.jpg,kirmizi_237.jpg,0
810,kirmizi 223.jpg,kirmizi_223.jpg,0
811,kirmizi 545.jpg,kirmizi_545.jpg,0
812,kirmizi 222.jpg,kirmizi_222.jpg,0
813,kirmizi 544.jpg,kirmizi_544.jpg,0
814,kirmizi 550.jpg,kirmizi_550.jpg,0
815,kirmizi 236.jpg,kirmizi_236.jpg,0
816,kirmizi 578.jpg,kirmizi_578.jpg,0
817,kirmizi 587.jpg,kirmizi_587.jpg,0
818,kirmizi 593.jpg,kirmizi_593.jpg,0
819,kirmizi 746.jpg,kirmizi_746.jpg,0
820,kirmizi 752.jpg,kirmizi_752.jpg,0
821,kirmizi 785.jpg,kirmizi_785.jpg,0
822,kirmizi 1004.jpg,kirmizi_1004.jpg,0
823,kirmizi 1010.jpg,kirmizi_1010.jpg,0
824,kirmizi 791.jpg,kirmizi_791.jpg,0
825,kirmizi 949.jpg,kirmizi_949.jpg,0
826,kirmizi 961.jpg,kirmizi_961.jpg,0
827,kirmizi 1038.jpg,kirmizi_1038.jpg,0
828,kirmizi 975.jpg,kirmizi_975.jpg,0
829,kirmizi 632.jpg,kirmizi_632.jpg,0
830,kirmizi 154.jpg,kirmizi_154.jpg,0
831,kirmizi 140.jpg,kirmizi_140.jpg,0
832,kirmizi 626.jpg,kirmizi_626.jpg,0
833,kirmizi 168.jpg,kirmizi_168.jpg,0
834,kirmizi 829.jpg,kirmizi_829.jpg,0
835,kirmizi 197.jpg,kirmizi_197.jpg,0
836,kirmizi 1164.jpg,kirmizi_1164.jpg,0
837,kirmizi 183.jpg,kirmizi_183.jpg,0
838,kirmizi 815.jpg,kirmizi_815.jpg,0
839,kirmizi (7).jpg,kirmizi_7.jpg,0
840,kirmizi 1158.jpg,kirmizi_1158.jpg,0
841,kirmizi 801.jpg,kirmizi_801.jpg,0
842,kirmizi 356.jpg,kirmizi_356.jpg,0
843,kirmizi 430.jpg,kirmizi_430.jpg,0
844,kirmizi 424.jpg,kirmizi_424.jpg,0
845,kirmizi 342.jpg,kirmizi_342.jpg,0
846,kirmizi 418.jpg,kirmizi_418.jpg,0
847,kirmizi 395.jpg,kirmizi_395.jpg,0
848,kirmizi 58.jpg,kirmizi_58.jpg,0
849,kirmizi 381.jpg,kirmizi_381.jpg,0
850,kirmizi 64.jpg,kirmizi_64.jpg,0
851,kirmizi 70.jpg,kirmizi_70.jpg,0
852,kirmizi 66.jpg,kirmizi_66.jpg,0
853,kirmizi 72.jpg,kirmizi_72.jpg,0
854,kirmizi 397.jpg,kirmizi_397.jpg,0
855,kirmizi 383.jpg,kirmizi_383.jpg,0
856,kirmizi 368.jpg,kirmizi_368.jpg,0
857,kirmizi 432.jpg,kirmizi_432.jpg,0
858,kirmizi 99.jpg,kirmizi_99.jpg,0
859,kirmizi 354.jpg,kirmizi_354.jpg,0
860,kirmizi 340.jpg,kirmizi_340.jpg,0
861,kirmizi 426.jpg,kirmizi_426.jpg,0
862,kirmizi 8.jpg,kirmizi_8.jpg,0
863,kirmizi 817.jpg,kirmizi_817.jpg,0
864,kirmizi 803.jpg,kirmizi_803.jpg,0
865,kirmizi 195.jpg,kirmizi_195.jpg,0
866,kirmizi 181.jpg,kirmizi_181.jpg,0
867,kirmizi 1166.jpg,kirmizi_1166.jpg,0
868,kirmizi 618.jpg,kirmizi_618.jpg,0
869,kirmizi 156.jpg,kirmizi_156.jpg,0
870,kirmizi 630.jpg,kirmizi_630.jpg,0
871,kirmizi 624.jpg,kirmizi_624.jpg,0
872,kirmizi 142.jpg,kirmizi_142.jpg,0
873,kirmizi 963.jpg,kirmizi_963.jpg,0
874,kirmizi 977.jpg,kirmizi_977.jpg,0
875,kirmizi 1006.jpg,kirmizi_1006.jpg,0
876,kirmizi 787.jpg,kirmizi_787.jpg,0
877,kirmizi 793.jpg,kirmizi_793.jpg,0
878,kirmizi 1012.jpg,kirmizi_1012.jpg,0
879,kirmizi 778.jpg,kirmizi_778.jpg,0
880,kirmizi 744.jpg,kirmizi_744.jpg,0
881,kirmizi 750.jpg,kirmizi_750.jpg,0
882,kirmizi 988.jpg,kirmizi_988.jpg,0
883,kirmizi 585.jpg,kirmizi_585.jpg,0
884,kirmizi 591.jpg,kirmizi_591.jpg,0
885,kirmizi 208.jpg,kirmizi_208.jpg,0
886,kirmizi 546.jpg,kirmizi_546.jpg,0
887,kirmizi 220.jpg,kirmizi_220.jpg,0
888,kirmizi 234.jpg,kirmizi_234.jpg,0
889,kirmizi 552.jpg,kirmizi_552.jpg,0
890,kirmizi 235.jpg,kirmizi_235.jpg,0
891,kirmizi 553.jpg,kirmizi_553.jpg,0
892,kirmizi 547.jpg,kirmizi_547.jpg,0
893,kirmizi 221.jpg,kirmizi_221.jpg,0
894,kirmizi 209.jpg,kirmizi_209.jpg,0
895,kirmizi 590.jpg,kirmizi_590.jpg,0
896,kirmizi 584.jpg,kirmizi_584.jpg,0
897,kirmizi (47).jpg,kirmizi_47.jpg,0
898,kirmizi 989.jpg,kirmizi_989.jpg,0
899,kirmizi 751.jpg,kirmizi_751.jpg,0
900,kirmizi 745.jpg,kirmizi_745.jpg,0
901,kirmizi 779.jpg,kirmizi_779.jpg,0
902,kirmizi 792.jpg,kirmizi_792.jpg,0
903,kirmizi 1013.jpg,kirmizi_1013.jpg,0
904,kirmizi 1007.jpg,kirmizi_1007.jpg,0
905,kirmizi 786.jpg,kirmizi_786.jpg,0
906,kirmizi 976.jpg,kirmizi_976.jpg,0
907,kirmizi (10).jpg,kirmizi_10.jpg,0
908,kirmizi 962.jpg,kirmizi_962.jpg,0
909,kirmizi 625.jpg,kirmizi_625.jpg,0
910,kirmizi 143.jpg,kirmizi_143.jpg,0
911,kirmizi 157.jpg,kirmizi_157.jpg,0
912,kirmizi 631.jpg,kirmizi_631.jpg,0
913,kirmizi 619.jpg,kirmizi_619.jpg,0
914,kirmizi 1167.jpg,kirmizi_1167.jpg,0
915,kirmizi 180.jpg,kirmizi_180.jpg,0
916,kirmizi 194.jpg,kirmizi_194.jpg,0
917,kirmizi 802.jpg,kirmizi_802.jpg,0
918,kirmizi 9.jpg,kirmizi_9.jpg,0
919,kirmizi 816.jpg,kirmizi_816.jpg,0
920,kirmizi 341.jpg,kirmizi_341.jpg,0
921,kirmizi 427.jpg,kirmizi_427.jpg,0
922,kirmizi 433.jpg,kirmizi_433.jpg,0
923,kirmizi 355.jpg,kirmizi_355.jpg,0
924,kirmizi 98.jpg,kirmizi_98.jpg,0
925,kirmizi 369.jpg,kirmizi_369.jpg,0
926,kirmizi 382.jpg,kirmizi_382.jpg,0
927,kirmizi 396.jpg,kirmizi_396.jpg,0
928,kirmizi 73.jpg,kirmizi_73.jpg,0
929,kirmizi (51).jpg,kirmizi_51.jpg,0
930,kirmizi 67.jpg,kirmizi_67.jpg,0
931,kirmizi 497.jpg,kirmizi_497.jpg,0
932,kirmizi 28.jpg,kirmizi_28.jpg,0
933,kirmizi 483.jpg,kirmizi_483.jpg,0
934,kirmizi 14.jpg,kirmizi_14.jpg,0
935,kirmizi 454.jpg,kirmizi_454.jpg,0
936,kirmizi 332.jpg,kirmizi_332.jpg,0
937,kirmizi 326.jpg,kirmizi_326.jpg,0
938,kirmizi 440.jpg,kirmizi_440.jpg,0
939,kirmizi 468.jpg,kirmizi_468.jpg,0
940,kirmizi 1114.jpg,kirmizi_1114.jpg,0
941,kirmizi 695.jpg,kirmizi_695.jpg,0
942,kirmizi 681.jpg,kirmizi_681.jpg,0
943,kirmizi 859.jpg,kirmizi_859.jpg,0
944,kirmizi 1100.jpg,kirmizi_1100.jpg,0
945,kirmizi 1128.jpg,kirmizi_1128.jpg,0
946,kirmizi 871.jpg,kirmizi_871.jpg,0
947,kirmizi 865.jpg,kirmizi_865.jpg,0
948,kirmizi 130.jpg,kirmizi_130.jpg,0
949,kirmizi 656.jpg,kirmizi_656.jpg,0
950,kirmizi 642.jpg,kirmizi_642.jpg,0
951,kirmizi 124.jpg,kirmizi_124.jpg,0
952,kirmizi 118.jpg,kirmizi_118.jpg,0
953,kirmizi 1060.jpg,kirmizi_1060.jpg,0
954,kirmizi 939.jpg,kirmizi_939.jpg,0
955,kirmizi 1074.jpg,kirmizi_1074.jpg,0
956,kirmizi 905.jpg,kirmizi_905.jpg,0
957,kirmizi 911.jpg,kirmizi_911.jpg,0
958,kirmizi 1048.jpg,kirmizi_1048.jpg,0
959,kirmizi 722.jpg,kirmizi_722.jpg,0
960,kirmizi 736.jpg,kirmizi_736.jpg,0
961,kirmizi 285.jpg,kirmizi_285.jpg,0
962,kirmizi 291.jpg,kirmizi_291.jpg,0
963,kirmizi 520.jpg,kirmizi_520.jpg,0
964,kirmizi 246.jpg,kirmizi_246.jpg,0
965,kirmizi 252.jpg,kirmizi_252.jpg,0
966,kirmizi 534.jpg,kirmizi_534.jpg,0
967,kirmizi 508.jpg,kirmizi_508.jpg,0
968,kirmizi 509.jpg,kirmizi_509.jpg,0
969,kirmizi 253.jpg,kirmizi_253.jpg,0
970,kirmizi 535.jpg,kirmizi_535.jpg,0
971,kirmizi 521.jpg,kirmizi_521.jpg,0
972,kirmizi 247.jpg,kirmizi_247.jpg,0
973,kirmizi (37).jpg,kirmizi_37.jpg,0
974,kirmizi 290.jpg,kirmizi_290.jpg,0
975,kirmizi 284.jpg,kirmizi_284.jpg,0
976,kirmizi 737.jpg,kirmizi_737.jpg,0
977,kirmizi 723.jpg,kirmizi_723.jpg,0
978,kirmizi 910.jpg,kirmizi_910.jpg,0
979,kirmizi 1049.jpg,kirmizi_1049.jpg,0
980,kirmizi (60).jpg,kirmizi_60.jpg,0
981,kirmizi 904.jpg,kirmizi_904.jpg,0
982,kirmizi 1075.jpg,kirmizi_1075.jpg,0
983,kirmizi 1061.jpg,kirmizi_1061.jpg,0
984,kirmizi 938.jpg,kirmizi_938.jpg,0
985,kirmizi 119.jpg,kirmizi_119.jpg,0
986,kirmizi 643.jpg,kirmizi_643.jpg,0
987,kirmizi 125.jpg,kirmizi_125.jpg,0
988,kirmizi 131.jpg,kirmizi_131.jpg,0
989,kirmizi 657.jpg,kirmizi_657.jpg,0
990,kirmizi 864.jpg,kirmizi_864.jpg,0
991,kirmizi 1129.jpg,kirmizi_1129.jpg,0
992,kirmizi 870.jpg,kirmizi_870.jpg,0
993,kirmizi 858.jpg,kirmizi_858.jpg,0
994,kirmizi 680.jpg,kirmizi_680.jpg,0
995,kirmizi 1101.jpg,kirmizi_1101.jpg,0
996,kirmizi 1115.jpg,kirmizi_1115.jpg,0
997,kirmizi 694.jpg,kirmizi_694.jpg,0
998,kirmizi 469.jpg,kirmizi_469.jpg,0
999,kirmizi 327.jpg,kirmizi_327.jpg,0
1000,kirmizi 441.jpg,kirmizi_441.jpg,0
1001,kirmizi 455.jpg,kirmizi_455.jpg,0
1002,kirmizi 333.jpg,kirmizi_333.jpg,0
1003,kirmizi 15.jpg,kirmizi_15.jpg,0
1004,kirmizi (21).jpg,kirmizi_21.jpg,0
1005,kirmizi 29.jpg,kirmizi_29.jpg,0
1006,kirmizi 482.jpg,kirmizi_482.jpg,0
1007,kirmizi 496.jpg,kirmizi_496.jpg,0
1008,kirmizi 480.jpg,kirmizi_480.jpg,0
1009,kirmizi 494.jpg,kirmizi_494.jpg,0
1010,kirmizi (56).jpg,kirmizi_56.jpg,0
1011,kirmizi 17.jpg,kirmizi_17.jpg,0
1012,kirmizi 443.jpg,kirmizi_443.jpg,0
1013,kirmizi 325.jpg,kirmizi_325.jpg,0
1014,kirmizi 331.jpg,kirmizi_331.jpg,0
1015,kirmizi 457.jpg,kirmizi_457.jpg,0
1016,kirmizi 319.jpg,kirmizi_319.jpg,0
1017,kirmizi 1103.jpg,kirmizi_1103.jpg,0
1018,kirmizi 682.jpg,kirmizi_682.jpg,0
1019,kirmizi 696.jpg,kirmizi_696.jpg,0
1020,kirmizi 1117.jpg,kirmizi_1117.jpg,0
1021,kirmizi 866.jpg,kirmizi_866.jpg,0
1022,kirmizi 872.jpg,kirmizi_872.jpg,0
1023,kirmizi 127.jpg,kirmizi_127.jpg,0
1024,kirmizi 899.jpg,kirmizi_899.jpg,0
1025,kirmizi 641.jpg,kirmizi_641.jpg,0
1026,kirmizi 655.jpg,kirmizi_655.jpg,0
1027,kirmizi 133.jpg,kirmizi_133.jpg,0
1028,kirmizi 669.jpg,kirmizi_669.jpg,0
1029,kirmizi 1077.jpg,kirmizi_1077.jpg,0
1030,kirmizi 1063.jpg,kirmizi_1063.jpg,0
1031,kirmizi (17).jpg,kirmizi_17.jpg,0
1032,kirmizi 912.jpg,kirmizi_912.jpg,0
1033,kirmizi 906.jpg,kirmizi_906.jpg,0
1034,kirmizi 735.jpg,kirmizi_735.jpg,0
1035,kirmizi 721.jpg,kirmizi_721.jpg,0
1036,kirmizi 1088.jpg,kirmizi_1088.jpg,0
1037,kirmizi 709.jpg,kirmizi_709.jpg,0
1038,kirmizi 292.jpg,kirmizi_292.jpg,0
1039,kirmizi 286.jpg,kirmizi_286.jpg,0
1040,kirmizi (40).jpg,kirmizi_40.jpg,0
1041,kirmizi 537.jpg,kirmizi_537.jpg,0
1042,kirmizi 251.jpg,kirmizi_251.jpg,0
1043,kirmizi 245.jpg,kirmizi_245.jpg,0
1044,kirmizi 523.jpg,kirmizi_523.jpg,0
1045,kirmizi 279.jpg,kirmizi_279.jpg,0
1046,kirmizi 278.jpg,kirmizi_278.jpg,0
1047,kirmizi 244.jpg,kirmizi_244.jpg,0
1048,kirmizi 522.jpg,kirmizi_522.jpg,0
1049,kirmizi 536.jpg,kirmizi_536.jpg,0
1050,kirmizi 250.jpg,kirmizi_250.jpg,0
1051,kirmizi 287.jpg,kirmizi_287.jpg,0
1052,kirmizi 293.jpg,kirmizi_293.jpg,0
1053,kirmizi 1089.jpg,kirmizi_1089.jpg,0
1054,kirmizi 708.jpg,kirmizi_708.jpg,0
1055,kirmizi 720.jpg,kirmizi_720.jpg,0
1056,kirmizi 734.jpg,kirmizi_734.jpg,0
1057,kirmizi 907.jpg,kirmizi_907.jpg,0
1058,kirmizi 913.jpg,kirmizi_913.jpg,0
1059,kirmizi 1062.jpg,kirmizi_1062.jpg,0
1060,kirmizi 1076.jpg,kirmizi_1076.jpg,0
1061,kirmizi 668.jpg,kirmizi_668.jpg,0
1062,kirmizi 654.jpg,kirmizi_654.jpg,0
1063,kirmizi 132.jpg,kirmizi_132.jpg,0
1064,kirmizi 126.jpg,kirmizi_126.jpg,0
1065,kirmizi 640.jpg,kirmizi_640.jpg,0
1066,kirmizi 898.jpg,kirmizi_898.jpg,0
1067,kirmizi 873.jpg,kirmizi_873.jpg,0
1068,kirmizi 867.jpg,kirmizi_867.jpg,0
1069,kirmizi 697.jpg,kirmizi_697.jpg,0
1070,kirmizi 1116.jpg,kirmizi_1116.jpg,0
1071,kirmizi 1102.jpg,kirmizi_1102.jpg,0
1072,kirmizi 683.jpg,kirmizi_683.jpg,0
1073,kirmizi 318.jpg,kirmizi_318.jpg,0
1074,kirmizi 330.jpg,kirmizi_330.jpg,0
1075,kirmizi 456.jpg,kirmizi_456.jpg,0
1076,kirmizi 442.jpg,kirmizi_442.jpg,0
1077,kirmizi 324.jpg,kirmizi_324.jpg,0
1078,kirmizi 16.jpg,kirmizi_16.jpg,0
1079,kirmizi 495.jpg,kirmizi_495.jpg,0
1080,kirmizi 481.jpg,kirmizi_481.jpg,0
1081,kirmizi 12.jpg,kirmizi_12.jpg,0
1082,kirmizi 485.jpg,kirmizi_485.jpg,0
1083,kirmizi 491.jpg,kirmizi_491.jpg,0
1084,kirmizi 308.jpg,kirmizi_308.jpg,0
1085,kirmizi 320.jpg,kirmizi_320.jpg,0
1086,kirmizi 446.jpg,kirmizi_446.jpg,0
1087,kirmizi 452.jpg,kirmizi_452.jpg,0
1088,kirmizi 334.jpg,kirmizi_334.jpg,0
1089,kirmizi 863.jpg,kirmizi_863.jpg,0
1090,kirmizi 877.jpg,kirmizi_877.jpg,0
1091,kirmizi 687.jpg,kirmizi_687.jpg,0
1092,kirmizi 1106.jpg,kirmizi_1106.jpg,0
1093,kirmizi 1112.jpg,kirmizi_1112.jpg,0
1094,kirmizi 693.jpg,kirmizi_693.jpg,0
1095,kirmizi 678.jpg,kirmizi_678.jpg,0
1096,kirmizi 644.jpg,kirmizi_644.jpg,0
1097,kirmizi 122.jpg,kirmizi_122.jpg,0
1098,kirmizi 136.jpg,kirmizi_136.jpg,0
1099,kirmizi 888.jpg,kirmizi_888.jpg,0
1100,kirmizi 650.jpg,kirmizi_650.jpg,0
1101,kirmizi 917.jpg,kirmizi_917.jpg,0
1102,kirmizi 903.jpg,kirmizi_903.jpg,0
1103,kirmizi 1072.jpg,kirmizi_1072.jpg,0
1104,kirmizi 1066.jpg,kirmizi_1066.jpg,0
1105,kirmizi 1099.jpg,kirmizi_1099.jpg,0
1106,kirmizi 718.jpg,kirmizi_718.jpg,0
1107,kirmizi 730.jpg,kirmizi_730.jpg,0
1108,kirmizi 724.jpg,kirmizi_724.jpg,0
1109,kirmizi 297.jpg,kirmizi_297.jpg,0
1110,kirmizi 283.jpg,kirmizi_283.jpg,0
1111,kirmizi 268.jpg,kirmizi_268.jpg,0
1112,kirmizi 254.jpg,kirmizi_254.jpg,0
1113,kirmizi 532.jpg,kirmizi_532.jpg,0
1114,kirmizi 526.jpg,kirmizi_526.jpg,0
1115,kirmizi 240.jpg,kirmizi_240.jpg,0
1116,kirmizi 527.jpg,kirmizi_527.jpg,0
1117,kirmizi 241.jpg,kirmizi_241.jpg,0
1118,kirmizi 255.jpg,kirmizi_255.jpg,0
1119,kirmizi 533.jpg,kirmizi_533.jpg,0
1120,kirmizi 269.jpg,kirmizi_269.jpg,0
1121,kirmizi 282.jpg,kirmizi_282.jpg,0
1122,kirmizi 296.jpg,kirmizi_296.jpg,0
1123,kirmizi (41).jpg,kirmizi_41.jpg,0
1124,kirmizi 725.jpg,kirmizi_725.jpg,0
1125,kirmizi 731.jpg,kirmizi_731.jpg,0
1126,kirmizi 1098.jpg,kirmizi_1098.jpg,0
1127,kirmizi 719.jpg,kirmizi_719.jpg,0
1128,kirmizi 1067.jpg,kirmizi_1067.jpg,0
1129,kirmizi 1073.jpg,kirmizi_1073.jpg,0
1130,kirmizi (16).jpg,kirmizi_16.jpg,0
1131,kirmizi 902.jpg,kirmizi_902.jpg,0
1132,kirmizi 916.jpg,kirmizi_916.jpg,0
1133,kirmizi 137.jpg,kirmizi_137.jpg,0
1134,kirmizi 651.jpg,kirmizi_651.jpg,0
1135,kirmizi 889.jpg,kirmizi_889.jpg,0
1136,kirmizi 645.jpg,kirmizi_645.jpg,0
1137,kirmizi 123.jpg,kirmizi_123.jpg,0
1138,kirmizi 679.jpg,kirmizi_679.jpg,0
1139,kirmizi 1113.jpg,kirmizi_1113.jpg,0
1140,kirmizi 692.jpg,kirmizi_692.jpg,0
1141,kirmizi 686.jpg,kirmizi_686.jpg,0
1142,kirmizi 1107.jpg,kirmizi_1107.jpg,0
1143,kirmizi 876.jpg,kirmizi_876.jpg,0
1144,kirmizi 862.jpg,kirmizi_862.jpg,0
1145,kirmizi 453.jpg,kirmizi_453.jpg,0
1146,kirmizi 335.jpg,kirmizi_335.jpg,0
1147,kirmizi 321.jpg,kirmizi_321.jpg,0
1148,kirmizi 447.jpg,kirmizi_447.jpg,0
1149,kirmizi 309.jpg,kirmizi_309.jpg,0
1150,kirmizi 490.jpg,kirmizi_490.jpg,0
1151,kirmizi 484.jpg,kirmizi_484.jpg,0
1152,kirmizi (57).jpg,kirmizi_57.jpg,0
1153,kirmizi 13.jpg,kirmizi_13.jpg,0
1154,kirmizi (20).jpg,kirmizi_20.jpg,0
1155,kirmizi 11.jpg,kirmizi_11.jpg,0
1156,kirmizi 39.jpg,kirmizi_39.jpg,0
1157,kirmizi 492.jpg,kirmizi_492.jpg,0
1158,kirmizi 486.jpg,kirmizi_486.jpg,0
1159,kirmizi 479.jpg,kirmizi_479.jpg,0
1160,kirmizi 337.jpg,kirmizi_337.jpg,0
1161,kirmizi 451.jpg,kirmizi_451.jpg,0
1162,kirmizi 445.jpg,kirmizi_445.jpg,0
1163,kirmizi 323.jpg,kirmizi_323.jpg,0
1164,kirmizi 874.jpg,kirmizi_874.jpg,0
1165,kirmizi 1139.jpg,kirmizi_1139.jpg,0
1166,kirmizi 860.jpg,kirmizi_860.jpg,0
1167,kirmizi 690.jpg,kirmizi_690.jpg,0
1168,kirmizi 848.jpg,kirmizi_848.jpg,0
1169,kirmizi 1111.jpg,kirmizi_1111.jpg,0
1170,kirmizi 1105.jpg,kirmizi_1105.jpg,0
1171,kirmizi 684.jpg,kirmizi_684.jpg,0
1172,kirmizi 109.jpg,kirmizi_109.jpg,0
1173,kirmizi 653.jpg,kirmizi_653.jpg,0
1174,kirmizi 135.jpg,kirmizi_135.jpg,0
1175,kirmizi 121.jpg,kirmizi_121.jpg,0
1176,kirmizi 647.jpg,kirmizi_647.jpg,0
1177,kirmizi 900.jpg,kirmizi_900.jpg,0
1178,kirmizi 1059.jpg,kirmizi_1059.jpg,0
1179,kirmizi (61).jpg,kirmizi_61.jpg,0
1180,kirmizi 914.jpg,kirmizi_914.jpg,0
1181,kirmizi 1065.jpg,kirmizi_1065.jpg,0
1182,kirmizi 1071.jpg,kirmizi_1071.jpg,0
1183,kirmizi 928.jpg,kirmizi_928.jpg,0
1184,kirmizi 727.jpg,kirmizi_727.jpg,0
1185,kirmizi 733.jpg,kirmizi_733.jpg,0
1186,kirmizi (36).jpg,kirmizi_36.jpg,0
1187,kirmizi 280.jpg,kirmizi_280.jpg,0
1188,kirmizi 294.jpg,kirmizi_294.jpg,0
1189,kirmizi 519.jpg,kirmizi_519.jpg,0
1190,kirmizi 243.jpg,kirmizi_243.jpg,0
1191,kirmizi 525.jpg,kirmizi_525.jpg,0
1192,kirmizi 531.jpg,kirmizi_531.jpg,0
1193,kirmizi 257.jpg,kirmizi_257.jpg,0
1194,kirmizi 530.jpg,kirmizi_530.jpg,0
1195,kirmizi 256.jpg,kirmizi_256.jpg,0
1196,kirmizi 242.jpg,kirmizi_242.jpg,0
1197,kirmizi 524.jpg,kirmizi_524.jpg,0
1198,kirmizi 518.jpg,kirmizi_518.jpg,0
1199,kirmizi 295.jpg,kirmizi_295.jpg,0
1200,kirmizi 281.jpg,kirmizi_281.jpg,0
1201,kirmizi 732.jpg,kirmizi_732.jpg,0
1202,kirmizi 726.jpg,kirmizi_726.jpg,0
1203,kirmizi 1070.jpg,kirmizi_1070.jpg,0
1204,kirmizi 929.jpg,kirmizi_929.jpg,0
1205,kirmizi 1064.jpg,kirmizi_1064.jpg,0
1206,kirmizi 915.jpg,kirmizi_915.jpg,0
1207,kirmizi 901.jpg,kirmizi_901.jpg,0
1208,kirmizi 1058.jpg,kirmizi_1058.jpg,0
1209,kirmizi 120.jpg,kirmizi_120.jpg,0
1210,kirmizi 646.jpg,kirmizi_646.jpg,0
1211,kirmizi 652.jpg,kirmizi_652.jpg,0
1212,kirmizi 134.jpg,kirmizi_134.jpg,0
1213,kirmizi 108.jpg,kirmizi_108.jpg,0
1214,kirmizi 1104.jpg,kirmizi_1104.jpg,0
1215,kirmizi 685.jpg,kirmizi_685.jpg,0
1216,kirmizi 849.jpg,kirmizi_849.jpg,0
1217,kirmizi 691.jpg,kirmizi_691.jpg,0
1218,kirmizi 1110.jpg,kirmizi_1110.jpg,0
1219,kirmizi 1138.jpg,kirmizi_1138.jpg,0
1220,kirmizi 861.jpg,kirmizi_861.jpg,0
1221,kirmizi 875.jpg,kirmizi_875.jpg,0
1222,kirmizi (1).jpg,kirmizi_1.jpg,0
1223,kirmizi 444.jpg,kirmizi_444.jpg,0
1224,kirmizi 322.jpg,kirmizi_322.jpg,0
1225,kirmizi 336.jpg,kirmizi_336.jpg,0
1226,kirmizi 450.jpg,kirmizi_450.jpg,0
1227,kirmizi 478.jpg,kirmizi_478.jpg,0
1228,kirmizi 487.jpg,kirmizi_487.jpg,0
1229,kirmizi 38.jpg,kirmizi_38.jpg,0
1230,kirmizi 493.jpg,kirmizi_493.jpg,0
1231,kirmizi 10.jpg,kirmizi_10.jpg,0
1232,siirt 494.jpg,siirt_494.jpg,1
1233,siirt (23).jpg,siirt_23.jpg,1
1234,siirt 480.jpg,siirt_480.jpg,1
1235,siirt 319.jpg,siirt_319.jpg,1
1236,siirt 331.jpg,siirt_331.jpg,1
1237,siirt 457.jpg,siirt_457.jpg,1
1238,siirt 443.jpg,siirt_443.jpg,1
1239,siirt 325.jpg,siirt_325.jpg,1
1240,siirt 866.jpg,siirt_866.jpg,1
1241,siirt 696.jpg,siirt_696.jpg,1
1242,siirt 682.jpg,siirt_682.jpg,1
1243,siirt 669.jpg,siirt_669.jpg,1
1244,siirt 655.jpg,siirt_655.jpg,1
1245,siirt 133.jpg,siirt_133.jpg,1
1246,siirt 127.jpg,siirt_127.jpg,1
1247,siirt 641.jpg,siirt_641.jpg,1
1248,siirt 72.jpg,siirt_72.jpg,1
1249,siirt 9.jpg,siirt_9.jpg,1
1250,siirt 66.jpg,siirt_66.jpg,1
1251,siirt 709.jpg,siirt_709.jpg,1
1252,siirt 99.jpg,siirt_99.jpg,1
1253,siirt 721.jpg,siirt_721.jpg,1
1254,siirt 735.jpg,siirt_735.jpg,1
1255,siirt 286.jpg,siirt_286.jpg,1
1256,siirt (35).jpg,siirt_35.jpg,1
1257,siirt 292.jpg,siirt_292.jpg,1
1258,siirt 279.jpg,siirt_279.jpg,1
1259,siirt 245.jpg,siirt_245.jpg,1
1260,siirt 523.jpg,siirt_523.jpg,1
1261,siirt 537.jpg,siirt_537.jpg,1
1262,siirt 251.jpg,siirt_251.jpg,1
1263,siirt 536.jpg,siirt_536.jpg,1
1264,siirt 250.jpg,siirt_250.jpg,1
1265,siirt 244.jpg,siirt_244.jpg,1
1266,siirt 522.jpg,siirt_522.jpg,1
1267,siirt 278.jpg,siirt_278.jpg,1
1268,siirt 293.jpg,siirt_293.jpg,1
1269,siirt 287.jpg,siirt_287.jpg,1
1270,siirt 734.jpg,siirt_734.jpg,1
1271,siirt (19).jpg,siirt_19.jpg,1
1272,siirt 720.jpg,siirt_720.jpg,1
1273,siirt 98.jpg,siirt_98.jpg,1
1274,siirt 708.jpg,siirt_708.jpg,1
1275,siirt 8.jpg,siirt_8.jpg,1
1276,siirt 67.jpg,siirt_67.jpg,1
1277,siirt 73.jpg,siirt_73.jpg,1
1278,siirt 126.jpg,siirt_126.jpg,1
1279,siirt 640.jpg,siirt_640.jpg,1
1280,siirt 654.jpg,siirt_654.jpg,1
1281,siirt 132.jpg,siirt_132.jpg,1
1282,siirt 668.jpg,siirt_668.jpg,1
1283,siirt 683.jpg,siirt_683.jpg,1
1284,siirt 697.jpg,siirt_697.jpg,1
1285,siirt 442.jpg,siirt_442.jpg,1
1286,siirt 324.jpg,siirt_324.jpg,1
1287,siirt 330.jpg,siirt_330.jpg,1
1288,siirt 456.jpg,siirt_456.jpg,1
1289,siirt 318.jpg,siirt_318.jpg,1
1290,siirt 481.jpg,siirt_481.jpg,1
1291,siirt 495.jpg,siirt_495.jpg,1
1292,siirt 483.jpg,siirt_483.jpg,1
1293,siirt 497.jpg,siirt_497.jpg,1
1294,siirt 468.jpg,siirt_468.jpg,1
1295,siirt 326.jpg,siirt_326.jpg,1
1296,siirt 440.jpg,siirt_440.jpg,1
1297,siirt 454.jpg,siirt_454.jpg,1
1298,siirt 332.jpg,siirt_332.jpg,1
1299,siirt 865.jpg,siirt_865.jpg,1
1300,siirt 681.jpg,siirt_681.jpg,1
1301,siirt 859.jpg,siirt_859.jpg,1
1302,siirt 695.jpg,siirt_695.jpg,1
1303,siirt 118.jpg,siirt_118.jpg,1
1304,siirt 642.jpg,siirt_642.jpg,1
1305,siirt 124.jpg,siirt_124.jpg,1
1306,siirt 130.jpg,siirt_130.jpg,1
1307,siirt 656.jpg,siirt_656.jpg,1
1308,siirt 59.jpg,siirt_59.jpg,1
1309,siirt 65.jpg,siirt_65.jpg,1
1310,siirt 71.jpg,siirt_71.jpg,1
1311,siirt 736.jpg,siirt_736.jpg,1
1312,siirt 722.jpg,siirt_722.jpg,1
1313,siirt 291.jpg,siirt_291.jpg,1
1314,siirt 285.jpg,siirt_285.jpg,1
1315,siirt 508.jpg,siirt_508.jpg,1
1316,siirt 252.jpg,siirt_252.jpg,1
1317,siirt 534.jpg,siirt_534.jpg,1
1318,siirt (39).jpg,siirt_39.jpg,1
1319,siirt 520.jpg,siirt_520.jpg,1
1320,siirt 246.jpg,siirt_246.jpg,1
1321,siirt 521.jpg,siirt_521.jpg,1
1322,siirt 247.jpg,siirt_247.jpg,1
1323,siirt 253.jpg,siirt_253.jpg,1
1324,siirt 535.jpg,siirt_535.jpg,1
1325,siirt 509.jpg,siirt_509.jpg,1
1326,siirt 284.jpg,siirt_284.jpg,1
1327,siirt (42).jpg,siirt_42.jpg,1
1328,siirt 290.jpg,siirt_290.jpg,1
1329,siirt 723.jpg,siirt_723.jpg,1
1330,siirt 737.jpg,siirt_737.jpg,1
1331,siirt 70.jpg,siirt_70.jpg,1
1332,siirt 64.jpg,siirt_64.jpg,1
1333,siirt (15).jpg,siirt_15.jpg,1
1334,siirt 58.jpg,siirt_58.jpg,1
1335,siirt 131.jpg,siirt_131.jpg,1
1336,siirt 657.jpg,siirt_657.jpg,1
1337,siirt 643.jpg,siirt_643.jpg,1
1338,siirt 125.jpg,siirt_125.jpg,1
1339,siirt 119.jpg,siirt_119.jpg,1
1340,siirt 694.jpg,siirt_694.jpg,1
1341,siirt 858.jpg,siirt_858.jpg,1
1342,siirt 680.jpg,siirt_680.jpg,1
1343,siirt 864.jpg,siirt_864.jpg,1
1344,siirt 455.jpg,siirt_455.jpg,1
1345,siirt 333.jpg,siirt_333.jpg,1
1346,siirt 327.jpg,siirt_327.jpg,1
1347,siirt 441.jpg,siirt_441.jpg,1
1348,siirt 469.jpg,siirt_469.jpg,1
1349,siirt 496.jpg,siirt_496.jpg,1
1350,siirt 482.jpg,siirt_482.jpg,1
1351,siirt 486.jpg,siirt_486.jpg,1
1352,siirt 492.jpg,siirt_492.jpg,1
1353,siirt 445.jpg,siirt_445.jpg,1
1354,siirt 323.jpg,siirt_323.jpg,1
1355,siirt 337.jpg,siirt_337.jpg,1
1356,siirt 451.jpg,siirt_451.jpg,1
1357,siirt 479.jpg,siirt_479.jpg,1
1358,siirt 684.jpg,siirt_684.jpg,1
1359,siirt 690.jpg,siirt_690.jpg,1
1360,siirt 848.jpg,siirt_848.jpg,1
1361,siirt 860.jpg,siirt_860.jpg,1
1362,siirt 121.jpg,siirt_121.jpg,1
1363,siirt 647.jpg,siirt_647.jpg,1
1364,siirt 653.jpg,siirt_653.jpg,1
1365,siirt 135.jpg,siirt_135.jpg,1
1366,siirt 109.jpg,siirt_109.jpg,1
1367,siirt 60.jpg,siirt_60.jpg,1
1368,siirt (14).jpg,siirt_14.jpg,1
1369,siirt 74.jpg,siirt_74.jpg,1
1370,siirt 48.jpg,siirt_48.jpg,1
1371,siirt 733.jpg,siirt_733.jpg,1
1372,siirt 727.jpg,siirt_727.jpg,1
1373,siirt 294.jpg,siirt_294.jpg,1
1374,siirt (43).jpg,siirt_43.jpg,1
1375,siirt 280.jpg,siirt_280.jpg,1
1376,siirt 531.jpg,siirt_531.jpg,1
1377,siirt 257.jpg,siirt_257.jpg,1
1378,siirt 243.jpg,siirt_243.jpg,1
1379,siirt 525.jpg,siirt_525.jpg,1
1380,siirt 519.jpg,siirt_519.jpg,1
1381,siirt 518.jpg,siirt_518.jpg,1
1382,siirt 242.jpg,siirt_242.jpg,1
1383,siirt 524.jpg,siirt_524.jpg,1
1384,siirt (38).jpg,siirt_38.jpg,1
1385,siirt 530.jpg,siirt_530.jpg,1
1386,siirt 256.jpg,siirt_256.jpg,1
1387,siirt 281.jpg,siirt_281.jpg,1
1388,siirt 295.jpg,siirt_295.jpg,1
1389,siirt 726.jpg,siirt_726.jpg,1
1390,siirt 732.jpg,siirt_732.jpg,1
1391,siirt 49.jpg,siirt_49.jpg,1
1392,siirt 75.jpg,siirt_75.jpg,1
1393,siirt 61.jpg,siirt_61.jpg,1
1394,siirt 108.jpg,siirt_108.jpg,1
1395,siirt 652.jpg,siirt_652.jpg,1
1396,siirt 134.jpg,siirt_134.jpg,1
1397,siirt 120.jpg,siirt_120.jpg,1
1398,siirt 646.jpg,siirt_646.jpg,1
1399,siirt (1).jpg,siirt_1.jpg,1
1400,siirt 861.jpg,siirt_861.jpg,1
1401,siirt 849.jpg,siirt_849.jpg,1
1402,siirt 691.jpg,siirt_691.jpg,1
1403,siirt 685.jpg,siirt_685.jpg,1
1404,siirt 478.jpg,siirt_478.jpg,1
1405,siirt 336.jpg,siirt_336.jpg,1
1406,siirt 450.jpg,siirt_450.jpg,1
1407,siirt 444.jpg,siirt_444.jpg,1
1408,siirt 322.jpg,siirt_322.jpg,1
1409,siirt 493.jpg,siirt_493.jpg,1
1410,siirt 487.jpg,siirt_487.jpg,1
1411,siirt 491.jpg,siirt_491.jpg,1
1412,siirt 485.jpg,siirt_485.jpg,1
1413,siirt 452.jpg,siirt_452.jpg,1
1414,siirt 334.jpg,siirt_334.jpg,1
1415,siirt 320.jpg,siirt_320.jpg,1
1416,siirt 446.jpg,siirt_446.jpg,1
1417,siirt 308.jpg,siirt_308.jpg,1
1418,siirt 693.jpg,siirt_693.jpg,1
1419,siirt 687.jpg,siirt_687.jpg,1
1420,siirt 863.jpg,siirt_863.jpg,1
1421,siirt 136.jpg,siirt_136.jpg,1
1422,siirt 650.jpg,siirt_650.jpg,1
1423,siirt 644.jpg,siirt_644.jpg,1
1424,siirt 122.jpg,siirt_122.jpg,1
1425,siirt 678.jpg,siirt_678.jpg,1
1426,siirt 77.jpg,siirt_77.jpg,1
1427,siirt 63.jpg,siirt_63.jpg,1
1428,siirt 724.jpg,siirt_724.jpg,1
1429,siirt (18).jpg,siirt_18.jpg,1
1430,siirt 730.jpg,siirt_730.jpg,1
1431,siirt 88.jpg,siirt_88.jpg,1
1432,siirt 718.jpg,siirt_718.jpg,1
1433,siirt 283.jpg,siirt_283.jpg,1
1434,siirt 297.jpg,siirt_297.jpg,1
1435,siirt 526.jpg,siirt_526.jpg,1
1436,siirt 240.jpg,siirt_240.jpg,1
1437,siirt 254.jpg,siirt_254.jpg,1
1438,siirt 532.jpg,siirt_532.jpg,1
1439,siirt 268.jpg,siirt_268.jpg,1
1440,siirt 269.jpg,siirt_269.jpg,1
1441,siirt 255.jpg,siirt_255.jpg,1
1442,siirt 533.jpg,siirt_533.jpg,1
1443,siirt 527.jpg,siirt_527.jpg,1
1444,siirt 241.jpg,siirt_241.jpg,1
1445,siirt 296.jpg,siirt_296.jpg,1
1446,siirt (34).jpg,siirt_34.jpg,1
1447,siirt 282.jpg,siirt_282.jpg,1
1448,siirt 719.jpg,siirt_719.jpg,1
1449,siirt 89.jpg,siirt_89.jpg,1
1450,siirt 731.jpg,siirt_731.jpg,1
1451,siirt 725.jpg,siirt_725.jpg,1
1452,siirt 62.jpg,siirt_62.jpg,1
1453,siirt 76.jpg,siirt_76.jpg,1
1454,siirt 679.jpg,siirt_679.jpg,1
1455,siirt 645.jpg,siirt_645.jpg,1
1456,siirt 123.jpg,siirt_123.jpg,1
1457,siirt 137.jpg,siirt_137.jpg,1
1458,siirt 651.jpg,siirt_651.jpg,1
1459,siirt 862.jpg,siirt_862.jpg,1
1460,siirt 686.jpg,siirt_686.jpg,1
1461,siirt 692.jpg,siirt_692.jpg,1
1462,siirt 309.jpg,siirt_309.jpg,1
1463,siirt 321.jpg,siirt_321.jpg,1
1464,siirt 447.jpg,siirt_447.jpg,1
1465,siirt 453.jpg,siirt_453.jpg,1
1466,siirt 335.jpg,siirt_335.jpg,1
1467,siirt 484.jpg,siirt_484.jpg,1
1468,siirt (22).jpg,siirt_22.jpg,1
1469,siirt 490.jpg,siirt_490.jpg,1
1470,siirt 391.jpg,siirt_391.jpg,1
1471,siirt 385.jpg,siirt_385.jpg,1
1472,siirt 408.jpg,siirt_408.jpg,1
1473,siirt 434.jpg,siirt_434.jpg,1
1474,siirt (29).jpg,siirt_29.jpg,1
1475,siirt 352.jpg,siirt_352.jpg,1
1476,siirt 346.jpg,siirt_346.jpg,1
1477,siirt 420.jpg,siirt_420.jpg,1
1478,siirt 811.jpg,siirt_811.jpg,1
1479,siirt 805.jpg,siirt_805.jpg,1
1480,siirt (6).jpg,siirt_6.jpg,1
1481,siirt 193.jpg,siirt_193.jpg,1
1482,siirt 839.jpg,siirt_839.jpg,1
1483,siirt 187.jpg,siirt_187.jpg,1
1484,siirt 178.jpg,siirt_178.jpg,1
1485,siirt 150.jpg,siirt_150.jpg,1
1486,siirt 636.jpg,siirt_636.jpg,1
1487,siirt 622.jpg,siirt_622.jpg,1
1488,siirt 144.jpg,siirt_144.jpg,1
1489,siirt 39.jpg,siirt_39.jpg,1
1490,siirt 781.jpg,siirt_781.jpg,1
1491,siirt 11.jpg,siirt_11.jpg,1
1492,siirt 795.jpg,siirt_795.jpg,1
1493,siirt 742.jpg,siirt_742.jpg,1
1494,siirt 756.jpg,siirt_756.jpg,1
1495,siirt 583.jpg,siirt_583.jpg,1
1496,siirt 597.jpg,siirt_597.jpg,1
1497,siirt 568.jpg,siirt_568.jpg,1
1498,siirt 540.jpg,siirt_540.jpg,1
1499,siirt 226.jpg,siirt_226.jpg,1
1500,siirt 232.jpg,siirt_232.jpg,1
1501,siirt 554.jpg,siirt_554.jpg,1
1502,siirt 233.jpg,siirt_233.jpg,1
1503,siirt 555.jpg,siirt_555.jpg,1
1504,siirt 541.jpg,siirt_541.jpg,1
1505,siirt 227.jpg,siirt_227.jpg,1
1506,siirt 569.jpg,siirt_569.jpg,1
1507,siirt 596.jpg,siirt_596.jpg,1
1508,siirt 582.jpg,siirt_582.jpg,1
1509,siirt (44).jpg,siirt_44.jpg,1
1510,siirt 757.jpg,siirt_757.jpg,1
1511,siirt 743.jpg,siirt_743.jpg,1
1512,siirt 794.jpg,siirt_794.jpg,1
1513,siirt (13).jpg,siirt_13.jpg,1
1514,siirt 10.jpg,siirt_10.jpg,1
1515,siirt 780.jpg,siirt_780.jpg,1
1516,siirt 38.jpg,siirt_38.jpg,1
1517,siirt 623.jpg,siirt_623.jpg,1
1518,siirt 145.jpg,siirt_145.jpg,1
1519,siirt 151.jpg,siirt_151.jpg,1
1520,siirt 637.jpg,siirt_637.jpg,1
1521,siirt 179.jpg,siirt_179.jpg,1
1522,siirt 838.jpg,siirt_838.jpg,1
1523,siirt 186.jpg,siirt_186.jpg,1
1524,siirt 192.jpg,siirt_192.jpg,1
1525,siirt 804.jpg,siirt_804.jpg,1
1526,siirt 810.jpg,siirt_810.jpg,1
1527,siirt 347.jpg,siirt_347.jpg,1
1528,siirt 421.jpg,siirt_421.jpg,1
1529,siirt 435.jpg,siirt_435.jpg,1
1530,siirt 353.jpg,siirt_353.jpg,1
1531,siirt 409.jpg,siirt_409.jpg,1
1532,siirt 384.jpg,siirt_384.jpg,1
1533,siirt 390.jpg,siirt_390.jpg,1
1534,siirt 386.jpg,siirt_386.jpg,1
1535,siirt 392.jpg,siirt_392.jpg,1
1536,siirt (25).jpg,siirt_25.jpg,1
1537,siirt 379.jpg,siirt_379.jpg,1
1538,siirt 423.jpg,siirt_423.jpg,1
1539,siirt 345.jpg,siirt_345.jpg,1
1540,siirt 351.jpg,siirt_351.jpg,1
1541,siirt 437.jpg,siirt_437.jpg,1
1542,siirt 806.jpg,siirt_806.jpg,1
1543,siirt 812.jpg,siirt_812.jpg,1
1544,siirt 184.jpg,siirt_184.jpg,1
1545,siirt 190.jpg,siirt_190.jpg,1
1546,siirt 609.jpg,siirt_609.jpg,1
1547,siirt 147.jpg,siirt_147.jpg,1
1548,siirt 621.jpg,siirt_621.jpg,1
1549,siirt 635.jpg,siirt_635.jpg,1
1550,siirt 153.jpg,siirt_153.jpg,1
1551,siirt 796.jpg,siirt_796.jpg,1
1552,siirt 782.jpg,siirt_782.jpg,1
1553,siirt 12.jpg,siirt_12.jpg,1
1554,siirt 769.jpg,siirt_769.jpg,1
1555,siirt 755.jpg,siirt_755.jpg,1
1556,siirt 741.jpg,siirt_741.jpg,1
1557,siirt 594.jpg,siirt_594.jpg,1
1558,siirt (33).jpg,siirt_33.jpg,1
1559,siirt 580.jpg,siirt_580.jpg,1
1560,siirt 219.jpg,siirt_219.jpg,1
1561,siirt 557.jpg,siirt_557.jpg,1
1562,siirt 231.jpg,siirt_231.jpg,1
1563,siirt 225.jpg,siirt_225.jpg,1
1564,siirt 543.jpg,siirt_543.jpg,1
1565,siirt 224.jpg,siirt_224.jpg,1
1566,siirt (48).jpg,siirt_48.jpg,1
1567,siirt 542.jpg,siirt_542.jpg,1
1568,siirt 556.jpg,siirt_556.jpg,1
1569,siirt 230.jpg,siirt_230.jpg,1
1570,siirt 218.jpg,siirt_218.jpg,1
1571,siirt 581.jpg,siirt_581.jpg,1
1572,siirt 595.jpg,siirt_595.jpg,1
1573,siirt 740.jpg,siirt_740.jpg,1
1574,siirt 754.jpg,siirt_754.jpg,1
1575,siirt 768.jpg,siirt_768.jpg,1
1576,siirt 13.jpg,siirt_13.jpg,1
1577,siirt 783.jpg,siirt_783.jpg,1
1578,siirt 797.jpg,siirt_797.jpg,1
1579,siirt 634.jpg,siirt_634.jpg,1
1580,siirt 152.jpg,siirt_152.jpg,1
1581,siirt 146.jpg,siirt_146.jpg,1
1582,siirt 620.jpg,siirt_620.jpg,1
1583,siirt 608.jpg,siirt_608.jpg,1
1584,siirt 191.jpg,siirt_191.jpg,1
1585,siirt 185.jpg,siirt_185.jpg,1
1586,siirt 813.jpg,siirt_813.jpg,1
1587,siirt 807.jpg,siirt_807.jpg,1
1588,siirt 350.jpg,siirt_350.jpg,1
1589,siirt 436.jpg,siirt_436.jpg,1
1590,siirt 422.jpg,siirt_422.jpg,1
1591,siirt 344.jpg,siirt_344.jpg,1
1592,siirt 378.jpg,siirt_378.jpg,1
1593,siirt 393.jpg,siirt_393.jpg,1
1594,siirt 387.jpg,siirt_387.jpg,1
1595,siirt 383.jpg,siirt_383.jpg,1
1596,siirt 397.jpg,siirt_397.jpg,1
1597,siirt 340.jpg,siirt_340.jpg,1
1598,siirt 426.jpg,siirt_426.jpg,1
1599,siirt 432.jpg,siirt_432.jpg,1
1600,siirt 354.jpg,siirt_354.jpg,1
1601,siirt 368.jpg,siirt_368.jpg,1
1602,siirt 181.jpg,siirt_181.jpg,1
1603,siirt 195.jpg,siirt_195.jpg,1
1604,siirt 803.jpg,siirt_803.jpg,1
1605,siirt 817.jpg,siirt_817.jpg,1
1606,siirt 624.jpg,siirt_624.jpg,1
1607,siirt 142.jpg,siirt_142.jpg,1
1608,siirt 156.jpg,siirt_156.jpg,1
1609,siirt 630.jpg,siirt_630.jpg,1
1610,siirt 618.jpg,siirt_618.jpg,1
1611,siirt 793.jpg,siirt_793.jpg,1
1612,siirt 787.jpg,siirt_787.jpg,1
1613,siirt 17.jpg,siirt_17.jpg,1
1614,siirt 750.jpg,siirt_750.jpg,1
1615,siirt 744.jpg,siirt_744.jpg,1
1616,siirt 778.jpg,siirt_778.jpg,1
1617,siirt 591.jpg,siirt_591.jpg,1
1618,siirt 585.jpg,siirt_585.jpg,1
1619,siirt 234.jpg,siirt_234.jpg,1
1620,siirt (49).jpg,siirt_49.jpg,1
1621,siirt 552.jpg,siirt_552.jpg,1
1622,siirt 546.jpg,siirt_546.jpg,1
1623,siirt 220.jpg,siirt_220.jpg,1
1624,siirt 208.jpg,siirt_208.jpg,1
1625,siirt 209.jpg,siirt_209.jpg,1
1626,siirt 547.jpg,siirt_547.jpg,1
1627,siirt 221.jpg,siirt_221.jpg,1
1628,siirt 235.jpg,siirt_235.jpg,1
1629,siirt 553.jpg,siirt_553.jpg,1
1630,siirt 584.jpg,siirt_584.jpg,1
1631,siirt (32).jpg,siirt_32.jpg,1
1632,siirt 590.jpg,siirt_590.jpg,1
1633,siirt 779.jpg,siirt_779.jpg,1
1634,siirt 745.jpg,siirt_745.jpg,1
1635,siirt 751.jpg,siirt_751.jpg,1
1636,siirt 16.jpg,siirt_16.jpg,1
1637,siirt 786.jpg,siirt_786.jpg,1
1638,siirt 792.jpg,siirt_792.jpg,1
1639,siirt 619.jpg,siirt_619.jpg,1
1640,siirt 157.jpg,siirt_157.jpg,1
1641,siirt 631.jpg,siirt_631.jpg,1
1642,siirt 625.jpg,siirt_625.jpg,1
1643,siirt 143.jpg,siirt_143.jpg,1
1644,siirt 816.jpg,siirt_816.jpg,1
1645,siirt 802.jpg,siirt_802.jpg,1
1646,siirt 194.jpg,siirt_194.jpg,1
1647,siirt 180.jpg,siirt_180.jpg,1
1648,siirt 369.jpg,siirt_369.jpg,1
1649,siirt 433.jpg,siirt_433.jpg,1
1650,siirt 355.jpg,siirt_355.jpg,1
1651,siirt 341.jpg,siirt_341.jpg,1
1652,siirt 427.jpg,siirt_427.jpg,1
1653,siirt 396.jpg,siirt_396.jpg,1
1654,siirt 382.jpg,siirt_382.jpg,1
1655,siirt (24).jpg,siirt_24.jpg,1
1656,siirt 394.jpg,siirt_394.jpg,1
1657,siirt 380.jpg,siirt_380.jpg,1
1658,siirt 357.jpg,siirt_357.jpg,1
1659,siirt 431.jpg,siirt_431.jpg,1
1660,siirt 425.jpg,siirt_425.jpg,1
1661,siirt 343.jpg,siirt_343.jpg,1
1662,siirt 419.jpg,siirt_419.jpg,1
1663,siirt 828.jpg,siirt_828.jpg,1
1664,siirt 196.jpg,siirt_196.jpg,1
1665,siirt 182.jpg,siirt_182.jpg,1
1666,siirt 814.jpg,siirt_814.jpg,1
1667,siirt 800.jpg,siirt_800.jpg,1
1668,siirt 633.jpg,siirt_633.jpg,1
1669,siirt 155.jpg,siirt_155.jpg,1
1670,siirt 141.jpg,siirt_141.jpg,1
1671,siirt 627.jpg,siirt_627.jpg,1
1672,siirt 169.jpg,siirt_169.jpg,1
1673,siirt 784.jpg,siirt_784.jpg,1
1674,siirt (12).jpg,siirt_12.jpg,1
1675,siirt 14.jpg,siirt_14.jpg,1
1676,siirt 790.jpg,siirt_790.jpg,1
1677,siirt 28.jpg,siirt_28.jpg,1
1678,siirt 747.jpg,siirt_747.jpg,1
1679,siirt 753.jpg,siirt_753.jpg,1
1680,siirt 586.jpg,siirt_586.jpg,1
1681,siirt 592.jpg,siirt_592.jpg,1
1682,siirt (45).jpg,siirt_45.jpg,1
1683,siirt 223.jpg,siirt_223.jpg,1
1684,siirt 545.jpg,siirt_545.jpg,1
1685,siirt 551.jpg,siirt_551.jpg,1
1686,siirt 237.jpg,siirt_237.jpg,1
1687,siirt 579.jpg,siirt_579.jpg,1
1688,siirt 578.jpg,siirt_578.jpg,1
1689,siirt 550.jpg,siirt_550.jpg,1
1690,siirt 236.jpg,siirt_236.jpg,1
1691,siirt 222.jpg,siirt_222.jpg,1
1692,siirt 544.jpg,siirt_544.jpg,1
1693,siirt 593.jpg,siirt_593.jpg,1
1694,siirt 587.jpg,siirt_587.jpg,1
1695,siirt 752.jpg,siirt_752.jpg,1
1696,siirt 746.jpg,siirt_746.jpg,1
1697,siirt 29.jpg,siirt_29.jpg,1
1698,siirt 791.jpg,siirt_791.jpg,1
1699,siirt 15.jpg,siirt_15.jpg,1
1700,siirt 785.jpg,siirt_785.jpg,1
1701,siirt 168.jpg,siirt_168.jpg,1
1702,siirt 140.jpg,siirt_140.jpg,1
1703,siirt 626.jpg,siirt_626.jpg,1
1704,siirt 632.jpg,siirt_632.jpg,1
1705,siirt 154.jpg,siirt_154.jpg,1
1706,siirt 801.jpg,siirt_801.jpg,1
1707,siirt 815.jpg,siirt_815.jpg,1
1708,siirt (7).jpg,siirt_7.jpg,1
1709,siirt 183.jpg,siirt_183.jpg,1
1710,siirt 829.jpg,siirt_829.jpg,1
1711,siirt 197.jpg,siirt_197.jpg,1
1712,siirt 418.jpg,siirt_418.jpg,1
1713,siirt 424.jpg,siirt_424.jpg,1
1714,siirt (28).jpg,siirt_28.jpg,1
1715,siirt 342.jpg,siirt_342.jpg,1
1716,siirt 356.jpg,siirt_356.jpg,1
1717,siirt 430.jpg,siirt_430.jpg,1
1718,siirt 381.jpg,siirt_381.jpg,1
1719,siirt 395.jpg,siirt_395.jpg,1
1720,siirt 398.jpg,siirt_398.jpg,1
1721,siirt (50).jpg,siirt_50.jpg,1
1722,siirt 429.jpg,siirt_429.jpg,1
1723,siirt 415.jpg,siirt_415.jpg,1
1724,siirt 373.jpg,siirt_373.jpg,1
1725,siirt 367.jpg,siirt_367.jpg,1
1726,siirt 401.jpg,siirt_401.jpg,1
1727,siirt 830.jpg,siirt_830.jpg,1
1728,siirt 824.jpg,siirt_824.jpg,1
1729,siirt 818.jpg,siirt_818.jpg,1
1730,siirt 159.jpg,siirt_159.jpg,1
1731,siirt 171.jpg,siirt_171.jpg,1
1732,siirt 617.jpg,siirt_617.jpg,1
1733,siirt 603.jpg,siirt_603.jpg,1
1734,siirt 165.jpg,siirt_165.jpg,1
1735,siirt 18.jpg,siirt_18.jpg,1
1736,siirt 788.jpg,siirt_788.jpg,1
1737,siirt 30.jpg,siirt_30.jpg,1
1738,siirt (11).jpg,siirt_11.jpg,1
1739,siirt 24.jpg,siirt_24.jpg,1
1740,siirt 763.jpg,siirt_763.jpg,1
1741,siirt 777.jpg,siirt_777.jpg,1
1742,siirt (46).jpg,siirt_46.jpg,1
1743,siirt 549.jpg,siirt_549.jpg,1
1744,siirt 561.jpg,siirt_561.jpg,1
1745,siirt 207.jpg,siirt_207.jpg,1
1746,siirt 213.jpg,siirt_213.jpg,1
1747,siirt 575.jpg,siirt_575.jpg,1
1748,siirt 212.jpg,siirt_212.jpg,1
1749,siirt 574.jpg,siirt_574.jpg,1
1750,siirt 560.jpg,siirt_560.jpg,1
1751,siirt 206.jpg,siirt_206.jpg,1
1752,siirt 548.jpg,siirt_548.jpg,1
1753,siirt 776.jpg,siirt_776.jpg,1
1754,siirt 762.jpg,siirt_762.jpg,1
1755,siirt 25.jpg,siirt_25.jpg,1
1756,siirt 31.jpg,siirt_31.jpg,1
1757,siirt 789.jpg,siirt_789.jpg,1
1758,siirt 19.jpg,siirt_19.jpg,1
1759,siirt 602.jpg,siirt_602.jpg,1
1760,siirt 164.jpg,siirt_164.jpg,1
1761,siirt 170.jpg,siirt_170.jpg,1
1762,siirt 616.jpg,siirt_616.jpg,1
1763,siirt 158.jpg,siirt_158.jpg,1
1764,siirt 819.jpg,siirt_819.jpg,1
1765,siirt 825.jpg,siirt_825.jpg,1
1766,siirt (4).jpg,siirt_4.jpg,1
1767,siirt 831.jpg,siirt_831.jpg,1
1768,siirt 366.jpg,siirt_366.jpg,1
1769,siirt 400.jpg,siirt_400.jpg,1
1770,siirt 414.jpg,siirt_414.jpg,1
1771,siirt 372.jpg,siirt_372.jpg,1
1772,siirt 428.jpg,siirt_428.jpg,1
1773,siirt 399.jpg,siirt_399.jpg,1
1774,siirt 358.jpg,siirt_358.jpg,1
1775,siirt 402.jpg,siirt_402.jpg,1
1776,siirt 364.jpg,siirt_364.jpg,1
1777,siirt 370.jpg,siirt_370.jpg,1
1778,siirt 416.jpg,siirt_416.jpg,1
1779,siirt 199.jpg,siirt_199.jpg,1
1780,siirt 827.jpg,siirt_827.jpg,1
1781,siirt 833.jpg,siirt_833.jpg,1
1782,siirt 628.jpg,siirt_628.jpg,1
1783,siirt 166.jpg,siirt_166.jpg,1
1784,siirt 600.jpg,siirt_600.jpg,1
1785,siirt 614.jpg,siirt_614.jpg,1
1786,siirt 172.jpg,siirt_172.jpg,1
1787,siirt 27.jpg,siirt_27.jpg,1
1788,siirt 33.jpg,siirt_33.jpg,1
1789,siirt 748.jpg,siirt_748.jpg,1
1790,siirt 774.jpg,siirt_774.jpg,1
1791,siirt 760.jpg,siirt_760.jpg,1
1792,siirt 589.jpg,siirt_589.jpg,1
1793,siirt 238.jpg,siirt_238.jpg,1
1794,siirt 576.jpg,siirt_576.jpg,1
1795,siirt 210.jpg,siirt_210.jpg,1
1796,siirt 204.jpg,siirt_204.jpg,1
1797,siirt 562.jpg,siirt_562.jpg,1
1798,siirt 205.jpg,siirt_205.jpg,1
1799,siirt 563.jpg,siirt_563.jpg,1
1800,siirt 577.jpg,siirt_577.jpg,1
1801,siirt 211.jpg,siirt_211.jpg,1
1802,siirt 239.jpg,siirt_239.jpg,1
1803,siirt (31).jpg,siirt_31.jpg,1
1804,siirt 588.jpg,siirt_588.jpg,1
1805,siirt 761.jpg,siirt_761.jpg,1
1806,siirt 775.jpg,siirt_775.jpg,1
1807,siirt 749.jpg,siirt_749.jpg,1
1808,siirt 32.jpg,siirt_32.jpg,1
1809,siirt 26.jpg,siirt_26.jpg,1
1810,siirt 615.jpg,siirt_615.jpg,1
1811,siirt 173.jpg,siirt_173.jpg,1
1812,siirt 167.jpg,siirt_167.jpg,1
1813,siirt 601.jpg,siirt_601.jpg,1
1814,siirt 629.jpg,siirt_629.jpg,1
1815,siirt (8).jpg,siirt_8.jpg,1
1816,siirt 832.jpg,siirt_832.jpg,1
1817,siirt 198.jpg,siirt_198.jpg,1
1818,siirt 826.jpg,siirt_826.jpg,1
1819,siirt 371.jpg,siirt_371.jpg,1
1820,siirt 417.jpg,siirt_417.jpg,1
1821,siirt 403.jpg,siirt_403.jpg,1
1822,siirt 365.jpg,siirt_365.jpg,1
1823,siirt 359.jpg,siirt_359.jpg,1
1824,siirt (27).jpg,siirt_27.jpg,1
1825,siirt (26).jpg,siirt_26.jpg,1
1826,siirt 361.jpg,siirt_361.jpg,1
1827,siirt 407.jpg,siirt_407.jpg,1
1828,siirt 413.jpg,siirt_413.jpg,1
1829,siirt 375.jpg,siirt_375.jpg,1
1830,siirt 349.jpg,siirt_349.jpg,1
1831,siirt 822.jpg,siirt_822.jpg,1
1832,siirt 188.jpg,siirt_188.jpg,1
1833,siirt 836.jpg,siirt_836.jpg,1
1834,siirt 605.jpg,siirt_605.jpg,1
1835,siirt 163.jpg,siirt_163.jpg,1
1836,siirt 177.jpg,siirt_177.jpg,1
1837,siirt 611.jpg,siirt_611.jpg,1
1838,siirt 639.jpg,siirt_639.jpg,1
1839,siirt (9).jpg,siirt_9.jpg,1
1840,siirt 22.jpg,siirt_22.jpg,1
1841,siirt 36.jpg,siirt_36.jpg,1
1842,siirt 771.jpg,siirt_771.jpg,1
1843,siirt 765.jpg,siirt_765.jpg,1
1844,siirt 759.jpg,siirt_759.jpg,1
1845,siirt (30).jpg,siirt_30.jpg,1
1846,siirt 598.jpg,siirt_598.jpg,1
1847,siirt 215.jpg,siirt_215.jpg,1
1848,siirt 573.jpg,siirt_573.jpg,1
1849,siirt 567.jpg,siirt_567.jpg,1
1850,siirt 201.jpg,siirt_201.jpg,1
1851,siirt 229.jpg,siirt_229.jpg,1
1852,siirt 228.jpg,siirt_228.jpg,1
1853,siirt 566.jpg,siirt_566.jpg,1
1854,siirt 200.jpg,siirt_200.jpg,1
1855,siirt 214.jpg,siirt_214.jpg,1
1856,siirt 572.jpg,siirt_572.jpg,1
1857,siirt 599.jpg,siirt_599.jpg,1
1858,siirt 758.jpg,siirt_758.jpg,1
1859,siirt 764.jpg,siirt_764.jpg,1
1860,siirt 770.jpg,siirt_770.jpg,1
1861,siirt 37.jpg,siirt_37.jpg,1
1862,siirt 23.jpg,siirt_23.jpg,1
1863,siirt 638.jpg,siirt_638.jpg,1
1864,siirt 176.jpg,siirt_176.jpg,1
1865,siirt 610.jpg,siirt_610.jpg,1
1866,siirt 604.jpg,siirt_604.jpg,1
1867,siirt 162.jpg,siirt_162.jpg,1
1868,siirt 189.jpg,siirt_189.jpg,1
1869,siirt 837.jpg,siirt_837.jpg,1
1870,siirt 823.jpg,siirt_823.jpg,1
1871,siirt 348.jpg,siirt_348.jpg,1
1872,siirt 412.jpg,siirt_412.jpg,1
1873,siirt 374.jpg,siirt_374.jpg,1
1874,siirt 360.jpg,siirt_360.jpg,1
1875,siirt 406.jpg,siirt_406.jpg,1
1876,siirt 389.jpg,siirt_389.jpg,1
1877,siirt 376.jpg,siirt_376.jpg,1
1878,siirt 410.jpg,siirt_410.jpg,1
1879,siirt 404.jpg,siirt_404.jpg,1
1880,siirt 362.jpg,siirt_362.jpg,1
1881,siirt 438.jpg,siirt_438.jpg,1
1882,siirt 809.jpg,siirt_809.jpg,1
1883,siirt 835.jpg,siirt_835.jpg,1
1884,siirt (5).jpg,siirt_5.jpg,1
1885,siirt 821.jpg,siirt_821.jpg,1
1886,siirt 612.jpg,siirt_612.jpg,1
1887,siirt 174.jpg,siirt_174.jpg,1
1888,siirt 160.jpg,siirt_160.jpg,1
1889,siirt 606.jpg,siirt_606.jpg,1
1890,siirt 148.jpg,siirt_148.jpg,1
1891,siirt 35.jpg,siirt_35.jpg,1
1892,siirt 21.jpg,siirt_21.jpg,1
1893,siirt 799.jpg,siirt_799.jpg,1
1894,siirt 766.jpg,siirt_766.jpg,1
1895,siirt 772.jpg,siirt_772.jpg,1
1896,siirt 202.jpg,siirt_202.jpg,1
1897,siirt 564.jpg,siirt_564.jpg,1
1898,siirt 570.jpg,siirt_570.jpg,1
1899,siirt 216.jpg,siirt_216.jpg,1
1900,siirt 558.jpg,siirt_558.jpg,1
1901,siirt 559.jpg,siirt_559.jpg,1
1902,siirt 571.jpg,siirt_571.jpg,1
1903,siirt 217.jpg,siirt_217.jpg,1
1904,siirt 203.jpg,siirt_203.jpg,1
1905,siirt 565.jpg,siirt_565.jpg,1
1906,siirt (47).jpg,siirt_47.jpg,1
1907,siirt 773.jpg,siirt_773.jpg,1
1908,siirt 767.jpg,siirt_767.jpg,1
1909,siirt 798.jpg,siirt_798.jpg,1
1910,siirt 20.jpg,siirt_20.jpg,1
1911,siirt 34.jpg,siirt_34.jpg,1
1912,siirt (10).jpg,siirt_10.jpg,1
1913,siirt 149.jpg,siirt_149.jpg,1
1914,siirt 161.jpg,siirt_161.jpg,1
1915,siirt 607.jpg,siirt_607.jpg,1
1916,siirt 613.jpg,siirt_613.jpg,1
1917,siirt 175.jpg,siirt_175.jpg,1
1918,siirt 820.jpg,siirt_820.jpg,1
1919,siirt 834.jpg,siirt_834.jpg,1
1920,siirt 808.jpg,siirt_808.jpg,1
1921,siirt 439.jpg,siirt_439.jpg,1
1922,siirt 405.jpg,siirt_405.jpg,1
1923,siirt 363.jpg,siirt_363.jpg,1
1924,siirt 377.jpg,siirt_377.jpg,1
1925,siirt 411.jpg,siirt_411.jpg,1
1926,siirt 388.jpg,siirt_388.jpg,1
1927,siirt 489.jpg,siirt_489.jpg,1
1928,siirt 338.jpg,siirt_338.jpg,1
1929,siirt 310.jpg,siirt_310.jpg,1
1930,siirt 476.jpg,siirt_476.jpg,1
1931,siirt 462.jpg,siirt_462.jpg,1
1932,siirt 304.jpg,siirt_304.jpg,1
1933,siirt 853.jpg,siirt_853.jpg,1
1934,siirt 847.jpg,siirt_847.jpg,1
1935,siirt 648.jpg,siirt_648.jpg,1
1936,siirt 674.jpg,siirt_674.jpg,1
1937,siirt 112.jpg,siirt_112.jpg,1
1938,siirt 106.jpg,siirt_106.jpg,1
1939,siirt 660.jpg,siirt_660.jpg,1
1940,siirt 53.jpg,siirt_53.jpg,1
1941,siirt 47.jpg,siirt_47.jpg,1
1942,siirt 728.jpg,siirt_728.jpg,1
1943,siirt 90.jpg,siirt_90.jpg,1
1944,siirt 700.jpg,siirt_700.jpg,1
1945,siirt 714.jpg,siirt_714.jpg,1
1946,siirt 84.jpg,siirt_84.jpg,1
1947,siirt 258.jpg,siirt_258.jpg,1
1948,siirt 264.jpg,siirt_264.jpg,1
1949,siirt 502.jpg,siirt_502.jpg,1
1950,siirt 516.jpg,siirt_516.jpg,1
1951,siirt 270.jpg,siirt_270.jpg,1
1952,siirt 517.jpg,siirt_517.jpg,1
1953,siirt 271.jpg,siirt_271.jpg,1
1954,siirt 265.jpg,siirt_265.jpg,1
1955,siirt 503.jpg,siirt_503.jpg,1
1956,siirt 259.jpg,siirt_259.jpg,1
1957,siirt (37).jpg,siirt_37.jpg,1
1958,siirt 85.jpg,siirt_85.jpg,1
1959,siirt 715.jpg,siirt_715.jpg,1
1960,siirt 701.jpg,siirt_701.jpg,1
1961,siirt 91.jpg,siirt_91.jpg,1
1962,siirt 729.jpg,siirt_729.jpg,1
1963,siirt 46.jpg,siirt_46.jpg,1
1964,siirt 52.jpg,siirt_52.jpg,1
1965,siirt 1.jpg,siirt_1.jpg,1
1966,siirt 107.jpg,siirt_107.jpg,1
1967,siirt 661.jpg,siirt_661.jpg,1
1968,siirt 675.jpg,siirt_675.jpg,1
1969,siirt 113.jpg,siirt_113.jpg,1
1970,siirt 649.jpg,siirt_649.jpg,1
1971,siirt 846.jpg,siirt_846.jpg,1
1972,siirt 852.jpg,siirt_852.jpg,1
1973,siirt 463.jpg,siirt_463.jpg,1
1974,siirt 305.jpg,siirt_305.jpg,1
1975,siirt 311.jpg,siirt_311.jpg,1
1976,siirt 477.jpg,siirt_477.jpg,1
1977,siirt 339.jpg,siirt_339.jpg,1
1978,siirt (21).jpg,siirt_21.jpg,1
1979,siirt 488.jpg,siirt_488.jpg,1
1980,siirt 449.jpg,siirt_449.jpg,1
1981,siirt 307.jpg,siirt_307.jpg,1
1982,siirt 461.jpg,siirt_461.jpg,1
1983,siirt 475.jpg,siirt_475.jpg,1
1984,siirt 313.jpg,siirt_313.jpg,1
1985,siirt 844.jpg,siirt_844.jpg,1
1986,siirt 688.jpg,siirt_688.jpg,1
1987,siirt 850.jpg,siirt_850.jpg,1
1988,siirt 139.jpg,siirt_139.jpg,1
1989,siirt 663.jpg,siirt_663.jpg,1
1990,siirt 105.jpg,siirt_105.jpg,1
1991,siirt 111.jpg,siirt_111.jpg,1
1992,siirt 677.jpg,siirt_677.jpg,1
1993,siirt 78.jpg,siirt_78.jpg,1
1994,siirt 3.jpg,siirt_3.jpg,1
1995,siirt (17).jpg,siirt_17.jpg,1
1996,siirt 44.jpg,siirt_44.jpg,1
1997,siirt 50.jpg,siirt_50.jpg,1
1998,siirt 717.jpg,siirt_717.jpg,1
1999,siirt 87.jpg,siirt_87.jpg,1
2000,siirt 93.jpg,siirt_93.jpg,1
2001,siirt 703.jpg,siirt_703.jpg,1
2002,siirt 298.jpg,siirt_298.jpg,1
2003,siirt (40).jpg,siirt_40.jpg,1
2004,siirt 529.jpg,siirt_529.jpg,1
2005,siirt 273.jpg,siirt_273.jpg,1
2006,siirt 515.jpg,siirt_515.jpg,1
2007,siirt 501.jpg,siirt_501.jpg,1
2008,siirt 267.jpg,siirt_267.jpg,1
2009,siirt 500.jpg,siirt_500.jpg,1
2010,siirt 266.jpg,siirt_266.jpg,1
2011,siirt 272.jpg,siirt_272.jpg,1
2012,siirt 514.jpg,siirt_514.jpg,1
2013,siirt 528.jpg,siirt_528.jpg,1
2014,siirt 299.jpg,siirt_299.jpg,1
2015,siirt 702.jpg,siirt_702.jpg,1
2016,siirt 92.jpg,siirt_92.jpg,1
2017,siirt 86.jpg,siirt_86.jpg,1
2018,siirt 716.jpg,siirt_716.jpg,1
2019,siirt 51.jpg,siirt_51.jpg,1
2020,siirt 45.jpg,siirt_45.jpg,1
2021,siirt 2.jpg,siirt_2.jpg,1
2022,siirt 79.jpg,siirt_79.jpg,1
2023,siirt 110.jpg,siirt_110.jpg,1
2024,siirt 676.jpg,siirt_676.jpg,1
2025,siirt 662.jpg,siirt_662.jpg,1
2026,siirt 104.jpg,siirt_104.jpg,1
2027,siirt 138.jpg,siirt_138.jpg,1
2028,siirt 851.jpg,siirt_851.jpg,1
2029,siirt 689.jpg,siirt_689.jpg,1
2030,siirt 845.jpg,siirt_845.jpg,1
2031,siirt (2).jpg,siirt_2.jpg,1
2032,siirt 474.jpg,siirt_474.jpg,1
2033,siirt 312.jpg,siirt_312.jpg,1
2034,siirt 306.jpg,siirt_306.jpg,1
2035,siirt 460.jpg,siirt_460.jpg,1
2036,siirt 448.jpg,siirt_448.jpg,1
2037,siirt 464.jpg,siirt_464.jpg,1
2038,siirt 302.jpg,siirt_302.jpg,1
2039,siirt 316.jpg,siirt_316.jpg,1
2040,siirt 470.jpg,siirt_470.jpg,1
2041,siirt 458.jpg,siirt_458.jpg,1
2042,siirt 699.jpg,siirt_699.jpg,1
2043,siirt 841.jpg,siirt_841.jpg,1
2044,siirt 855.jpg,siirt_855.jpg,1
2045,siirt (3).jpg,siirt_3.jpg,1
2046,siirt 100.jpg,siirt_100.jpg,1
2047,siirt 666.jpg,siirt_666.jpg,1
2048,siirt 672.jpg,siirt_672.jpg,1
2049,siirt 114.jpg,siirt_114.jpg,1
2050,siirt 128.jpg,siirt_128.jpg,1
2051,siirt 41.jpg,siirt_41.jpg,1
2052,siirt 55.jpg,siirt_55.jpg,1
2053,siirt 69.jpg,siirt_69.jpg,1
2054,siirt 6.jpg,siirt_6.jpg,1
2055,siirt 712.jpg,siirt_712.jpg,1
2056,siirt 82.jpg,siirt_82.jpg,1
2057,siirt 96.jpg,siirt_96.jpg,1
2058,siirt 706.jpg,siirt_706.jpg,1
2059,siirt 289.jpg,siirt_289.jpg,1
2060,siirt 510.jpg,siirt_510.jpg,1
2061,siirt 276.jpg,siirt_276.jpg,1
2062,siirt 262.jpg,siirt_262.jpg,1
2063,siirt 504.jpg,siirt_504.jpg,1
2064,siirt 538.jpg,siirt_538.jpg,1
2065,siirt 539.jpg,siirt_539.jpg,1
2066,siirt 263.jpg,siirt_263.jpg,1
2067,siirt 505.jpg,siirt_505.jpg,1
2068,siirt 511.jpg,siirt_511.jpg,1
2069,siirt 277.jpg,siirt_277.jpg,1
2070,siirt 288.jpg,siirt_288.jpg,1
2071,siirt (41).jpg,siirt_41.jpg,1
2072,siirt 707.jpg,siirt_707.jpg,1
2073,siirt 97.jpg,siirt_97.jpg,1
2074,siirt 83.jpg,siirt_83.jpg,1
2075,siirt 713.jpg,siirt_713.jpg,1
2076,siirt 68.jpg,siirt_68.jpg,1
2077,siirt 7.jpg,siirt_7.jpg,1
2078,siirt 54.jpg,siirt_54.jpg,1
2079,siirt (16).jpg,siirt_16.jpg,1
2080,siirt 40.jpg,siirt_40.jpg,1
2081,siirt 129.jpg,siirt_129.jpg,1
2082,siirt 673.jpg,siirt_673.jpg,1
2083,siirt 115.jpg,siirt_115.jpg,1
2084,siirt 101.jpg,siirt_101.jpg,1
2085,siirt 667.jpg,siirt_667.jpg,1
2086,siirt 854.jpg,siirt_854.jpg,1
2087,siirt 840.jpg,siirt_840.jpg,1
2088,siirt 698.jpg,siirt_698.jpg,1
2089,siirt 459.jpg,siirt_459.jpg,1
2090,siirt 317.jpg,siirt_317.jpg,1
2091,siirt 471.jpg,siirt_471.jpg,1
2092,siirt 465.jpg,siirt_465.jpg,1
2093,siirt 303.jpg,siirt_303.jpg,1
2094,siirt (20).jpg,siirt_20.jpg,1
2095,siirt 498.jpg,siirt_498.jpg,1
2096,siirt 473.jpg,siirt_473.jpg,1
2097,siirt 315.jpg,siirt_315.jpg,1
2098,siirt 301.jpg,siirt_301.jpg,1
2099,siirt 467.jpg,siirt_467.jpg,1
2100,siirt 329.jpg,siirt_329.jpg,1
2101,siirt 856.jpg,siirt_856.jpg,1
2102,siirt 842.jpg,siirt_842.jpg,1
2103,siirt 117.jpg,siirt_117.jpg,1
2104,siirt 671.jpg,siirt_671.jpg,1
2105,siirt 665.jpg,siirt_665.jpg,1
2106,siirt 103.jpg,siirt_103.jpg,1
2107,siirt 659.jpg,siirt_659.jpg,1
2108,siirt 56.jpg,siirt_56.jpg,1
2109,siirt 42.jpg,siirt_42.jpg,1
2110,siirt 5.jpg,siirt_5.jpg,1
2111,siirt 95.jpg,siirt_95.jpg,1
2112,siirt 705.jpg,siirt_705.jpg,1
2113,siirt 711.jpg,siirt_711.jpg,1
2114,siirt 81.jpg,siirt_81.jpg,1
2115,siirt 739.jpg,siirt_739.jpg,1
2116,siirt (36).jpg,siirt_36.jpg,1
2117,siirt 507.jpg,siirt_507.jpg,1
2118,siirt 261.jpg,siirt_261.jpg,1
2119,siirt 275.jpg,siirt_275.jpg,1
2120,siirt 513.jpg,siirt_513.jpg,1
2121,siirt 249.jpg,siirt_249.jpg,1
2122,siirt 248.jpg,siirt_248.jpg,1
2123,siirt 274.jpg,siirt_274.jpg,1
2124,siirt 512.jpg,siirt_512.jpg,1
2125,siirt 506.jpg,siirt_506.jpg,1
2126,siirt 260.jpg,siirt_260.jpg,1
2127,siirt 738.jpg,siirt_738.jpg,1
2128,siirt 80.jpg,siirt_80.jpg,1
2129,siirt 710.jpg,siirt_710.jpg,1
2130,siirt 704.jpg,siirt_704.jpg,1
2131,siirt 94.jpg,siirt_94.jpg,1
2132,siirt 4.jpg,siirt_4.jpg,1
2133,siirt 43.jpg,siirt_43.jpg,1
2134,siirt 57.jpg,siirt_57.jpg,1
2135,siirt 658.jpg,siirt_658.jpg,1
2136,siirt 664.jpg,siirt_664.jpg,1
2137,siirt 102.jpg,siirt_102.jpg,1
2138,siirt 116.jpg,siirt_116.jpg,1
2139,siirt 670.jpg,siirt_670.jpg,1
2140,siirt 843.jpg,siirt_843.jpg,1
2141,siirt 857.jpg,siirt_857.jpg,1
2142,siirt 328.jpg,siirt_328.jpg,1
2143,siirt 300.jpg,siirt_300.jpg,1
2144,siirt 466.jpg,siirt_466.jpg,1
2145,siirt 472.jpg,siirt_472.jpg,1
2146,siirt 314.jpg,siirt_314.jpg,1
2147,siirt 499.jpg,siirt_499.jpg,1
